국가,국가코드(ISO 2자리 코드),정체명,정부형태,의회형태,영해,국방,주요정당,국제기구가입,주요인사,기준년도
가나,GH,공화제(대통령 중심제),공화국(대통령 중심제),단원제,200해리 전관수역,"15,500명(육군 11,500명, 해군 2,000명, 공군 2,000명)","국민민주의회(NDC), 신애국당(NPP) 등 10여개 정당","UN('57.3), AU, ILO, UNESCO, WHO, IFC, IDA, IMF, FAO, 비동맹, 영연방","대통령: Nana Akufo-Addo(나나 아쿠포아도), 부통령: Mahamudu Bawumia(마하무두 바우미아), 외교장관: Shirley Ayorkor Botchwey(셜리 보치웨이)",2020
가봉,GA,공화제(대통령 중심제),대통령 중심제(7년 임기),"양원제(상원 102석, 하원 143석)",100해리,"4,700명(육군 3,200명, 해군 500명, 공군 1,000명)","가봉민주당(PDG, 여당) 등 다수 군소정당","UN(＇60.9), ILO, FAO, UNESCO, WHO, IFC,IDA, IMF, OPEC, 비동맹, AU","대통령: 알리 봉고 온딤바(Ali BONGO ONDIMBA), 총리: 호즈 크리스티안 오수까 하퐁다(Rose Christian Ossouka Raponda), 외교장관: 빠꼼 무벨레 부베야(Pacome Moubelet Boubeya)",2020
가이아나,GY,공화국(영연방국),대통령 중심제,단원제 65석(임기 5년),3해리,"3,400명(육군 3,000명, 해군 200명, 공군 200명)","인민진보당(People＇s Progressive Party),인민의회당(People＇s National Congress)","UN(＇66.9), ILO, FAO, UNESCO, WHO, IFC,IDA, IMF, OAS, 비동맹","총리: Mark Phillips(2020.8 취임), 외교장관: Todd Hugh(2020.8 임명), 대통령: Irfaan Ali(2020.8 취임)",2020
감비아,GM,공화제(대통령 중심제),대통령중심 공화국,단원제(36석),12해리,800명(육군 800명),"국민진보당(PPP), 국민회의당(NCP)","UN(＇65.9), AU, FAO, UNESCO, WHO, IDA,IMF, ICAO, UPU, 영연방, 비동맹","대통령: Adama Barrow(아다마 바로우), 부통령: Ousainou Darboe(우사이누 다르보), 외교장관: Mamadou Tangara(마마두 탕가라)",2020
건지,GG,,"총독(영국 여왕 임명), 집달관(Bailiff, 영국 여왕 임명), 단원제 의회, 수석장관 (의회에서 선출)",,,,,,,2020
과들루프,GP,,"프랑스정부 임명(지사 1명, 부지사 1명), 민선 대표(하원 4명, 상원 3명)",,,,,,,2020
과테말라,GT,공화국,대통령 중심제(임기 4년),"단원제(160석, 임기 4년)",12해리,"18,050명(육군 15,550명, 해군 1,500명, 공군 1,000명)","혁신자유민주당(LIDER, 애국당(PP), 국민희망당(UNE),약속혁신질서당(CREO)","UN(＇45.11), OAS, ISO, FAO, UNESCO, WHO,IFC, IDA, IMF, ICAO, OCAS, WTO, 비동맹회의,IAEA, IOC, MINUSTAH, PCA, SICA, UNWTO,UNCTAD, UNIDO, WIPO","대통령: Alejandro Eduardo Giammattei Falla(20.1.14. 취임), 외교장관: Pedro Brolo(20.1.)",2020
교황청,VA,The Holy See(교황청) 및 교황청의 기능수행 보호를 위한 Vatican City State(바티칸 시국),,,,,,"UN(비회원국 영구 옵저버), IAEA, UPU, ITU, WIPO,UNHCR 등","교황: 프란치스코(Francesco) * 2013.3.19 즉위, 국무원장: 피에트로 파롤린 추기경 (Pietro Parolin), 외교장관: 폴 리차드 갈라거 대주교 (Paul Richard Gallagher)",2020
그레나다,GD,입헌군주국,의원책임제,"양원제 (상원 13석(임기 5년), 하원 15석(임기 5년))",12해리,군대 없음,"민주국민회의당(National Democratic Congress),신국민당(New National Party)","UN(＇74.9), ILO, FAO, UNESCO, WHO, IFC,IDA, IMF, CARICOM, 비동맹, ACS","원수: 영국여왕 Queen Elizabeth Ⅱ(1952.2.6), 총독: Cécile La Grenade(2013.5.7), 수상: Keith Mitchell(2018.3.13), 외교장관: Peter David(2018.3)",2020
그리스,GR,공화제,의원내각제 (대통령제 요소 가미),"단원제(의석 300석, 임기 4년)",,"105,000명(현역병)","급진좌파연합, 신민당, 그리스 독립당 등","UN(＇45.10), ILO, FAO, UNESCO, WHO, IFC,IDA, IMF, IBRD, EC, NATO, OECD 등","대통령: 카테리나 사켈라로풀루(Katerina Sakellaropoulou), 총리: 키리아코스 미초타키스(Kyriakos Mitsotakis), 외교장관: 니코스 덴디아스(Nikos Dendias)",2020
그린란드,GL,,"자치정부 총리(Kim Kielsen), 자치의회 의장, 고등판무관",,,,,,,2020
기니,GN,쿠데타(08.12)로 헌정중단,대통령 중심 공화제,,200해리,"9,700명(육군 8,500명, 해군 400명, 공군 800명)",,"UN(＇58.12), ILO, FAO, WHO, IDA, IMF, ICAO,AU, UNESCO, 비동맹","대통령: 알파 콩데(Alpha CONDÉ), 총리: 이브라히마 카소리 포파나(Ibrahima Kassory Fofana), 외교장관: 마마디 투레(Mamadi Touré)",2020
기니비사우,GW,대통령 중심제,대통령 중심제,단원제,12해리,"4,450명(육군 4,000명, 해군 350명, 공군 100명)",,"UN(＇74.9), AU, ILO, FAO, UNESCO, WHO, IFC,IDA, IMF, 비동맹","대통령: Umaro Sissoco Embalo(우마로 시소코 엠발로), 총리: 미정, 외무장관: 미정, 국회의장: Cipriano CASSAMMÁ(시프리아노 카사마)",2020
나미비아,NA,공화제(대통령 중심제),"대통령 중심제(직선제, 임기 5년)","양원제(상원 26명, 하원 96명)",12해리,"9,900명(육군 9,000명, 해군 900명)","집권당 SWAPO(South West Africa People＇s Organization) : 상원 24명, 하원 77명","UN(＇90.4.23 가입), AU(OAU), 영연방, 전선국가그룹 등","대통령: Hage Geingob(하게 게인곱), 총리: Saara Kuugongelwa(사라 쿠곤겔와), 외교장관: Netumbo Nandi-Ndaitwah(네툼보 난디-다이트와)",2020
나우루,NR,공화제,의원내각제(대통령제)  ,"단원제(총19석, 임기4년) (국가원수이자 행정수반인 대통령은 의회에 의해 선출되며, 내각은 대통령 및 대통령이 지명하는 4-5명의 의원으로 구성)",12해리,,Nauru당,"UN(＇99.9), ICAO, UPU, ITU, ESCAP, BIE,SPF(PIF), SPC, 英연방","대통령 (외교장관 겸임): Lionel Aingimea(19.8월~), 국회의장: Marcus Stephen",2020
나이지리아,NG,"양원제(상원 109석, 하원 360석)",​대통령 중심 연방제,"양원제(상원109석, 하원 360석)",12해리,"135,000명(육군 100,000명, 해군 25,000명, 공군 10,000명)","PDP(여당), ANPP, AD 등","UN(＇60.10), AU, ILO, FAO, UNESCO, WHO,IFC, IAEA, IDA, IMF, ICAO, UPU, OPEC, 비동맹,ECOWAS, WTO, WMO, AfDB","대통령: Muhammadu Buhari (무하마두 부하리), 부통령: Yemi Osinbajo (예미 오신바조), 외무장관: Geoffrey Onyeama (제프리 온예마)",2020
남수단,SS,대통령제,대통령 중심제(4년임기),"의회 이원제 (상원(Council of States): 50명(전직의원 20명, 대통령 지명 30명), 하원(National Legislative Assembly): 332명(＇10 선출의원 170명, 전직의원 96명, 대통령 지명 66명))",,"185,000명(육군 SPLA 185,000명)",,"AU, FAO, G-77, IBRD, ICAO, ILO, IMF,Interpol, IOM, IPU, ITU, UN, UNCTAD,UNESCO, WHO 등","대통령: Salva Kiir Mayardit, 제1부통령: Riek Machar, 제2부통령: James Wani Igga, 외교장관: 공석",2020
남아프리카공화국,ZA,내각책임제를 가미한 대통령중심제,내각책임제를 가미한 대통령 중심제(의회가 대통령 선출),"양원제 (5년 임기, (하원(National Assembly) : 400명, 상원(National Council of Provinces) : 90명)",12해리,"67,100명(육군 40,600명, 해군 7,650명, 공군 10,650명, 남아프리카군 의료서비스 8,200명)","ANC(집권당), DA, COPE, IFP",,"대통령: Cyril Ramaphosa (시릴 라마포사), 부통령: David Mabuza (데이비드 마부자), 외교장관: Grace Pandor (그레이스 판도)",2020
네덜란드,NL,입헌군주제,내각책임제,"양원제 (상원 75명(자민당 12석, 민주포럼 12석, 기민당 9석, 녹색당 8석, D-66당 7석, 노동당 6석, 자유당 5석 등), 하원 150명(자민당 33석, 자유당 20석, D-66 19석, 기민당 19석, 녹색당 14석, 사회당 14석, 노동당 9석 등) (＇17.3.15 총선 결과))",12해리,"35,400명(육군 18,850명, 해군 8,500명, 공군 8,050명)","자민당, 기독교 민주당, 기독교 연합, D-66 연립","UN(＇45.12), ILO, FAO, UNESCO, WHO, IFC,IDA, IMF, EC, OECD, NATO 등","국왕: 빌렘-알렉산더(Willem-Alexander, '13.4월 즉위), 총리: 마크 루터(Mark Rutte, 자민당, '10.10월~), 외교장관: 스테프 블록(Stef Blok, 자민당, '18.3월~)",2020
네덜란드령 안틸레스,AN,,"네덜란드헌법이 적용되나 내치에는 완전한 자치권행사, 주권 을 대표하는 지사와 총리에 의해 대표되는 각료회의(Council of Ministers)가 있으며 이는 민선의회에 책임을 짐",,,,,,,2020
네팔,NP,내각책임제(총리가 행정부 수반),내각책임제(총리가 행정수반),"양원제(총 334석) (상원 : 59석(6년), 하원 : 275석(5년))",,"육군 157,000명(＇17)","네팔공산당(NCP, Nepal Communist Party),네팔의회당(Nepali Congress) 등","UN(＇55.12), FAO, UNESCO, WHO, ITU, UPU,IMF, ICAO, WMO, ILO, ESCAP, UNCTAD, 비동맹","대통령: Bidya Devi Bhandari(18.3월 취임), 총리: K.P. Sharma Oli(18.2월 취임), 외교장관: Predeep Kumar Gyawali(18.3월 취임)",2020
노르웨이,NO,입헌군주제,내각책임제,"단원제(169석/임기4년), ＇17.9 총선 결과 / ＇19.1월 신연정 구성 이후 ＇20.1.1.자, 연정 : 보수당(45석), 진보당(26석), 자유당(8석), 기독민주당(8석), 야당 : 중도계열 : 중앙당(19석), 녹색당(1석), 사회주의계열 : 노동당(49석), 사회주의 좌파당(11석), 적색당(1석), 무소속(1석)",12해리,"23,250명(육군 8,100명, 해군 3,900명, 공군 3,600명, Central Support 7,000명, 상비군 650명 등)","우파연정(보수당, 진보당, 자유당, 기독민주당)","UN(＇45.11), ILO, FAO, UNESCO, WHO, IFC,IDA, IMF, OECD, NATO, EFTA","국가원수: HaraldⅤ(하랄 5세)국왕('91.1 즉위), 총리: Erna Solberg(에르나 솔베르그, '13.10, 보수당), 외교장관: Ine Erisken Søreide(이네 에릭슨 써라이데, '17.10, 보수당)",2020
뉴 칼레도니아,NC,,"자치정부 대통령(Thierry SANTA), 프랑스정부 임명(고등판 무관 1명)",,,,,,,2020
뉴질랜드,NZ,입헌군주제,의원내각제,"단원제 (총 120석, 임기 3년)",12해리,"11,900명","국민당(55석), 노동당(46석), 녹색당(8석), 뉴질랜드제1당(9석), ACT당(1석), 무소속(1석)","UN(＇45.10), ILO, FAO, UNESCO, WHO, IFC,IDA, IMF, SPF","국가원수: 영국여왕, 총독: Patsy Reddy(여), 총리: Jacinda Ardern (여), 외교장관: Winston Peters (남), 통상장관: David Parker (남), 국회의장: Trevor Mallard (남)",2020
니우에,NU,,의원내각제,"단원제(총20석, 임기3년)",,,,"UN의 회원국은 아니나 Pacific Island Forum(PIF), UNESCO, WHO, FAO 등의 회원국으로 활동","국가원수: 영국여왕, 총독: Patsy Reddy 뉴질랜드 총독(16.10월~), 총리 겸 외교장관: Dalton Tagelagi (20.06.10.~) ※前 천연자원장관 ",2020
니제르,NE,공화제(대통령 중심제),대통령 중심제,단원제(113석),,"5,300명(육군 5,200명, 공군 100명)","사회발전 국민운동당(MNSD), 민주사회당(PNDS)","UN(＇60.9), ILO, FAO, UNESCO, WHO, IDA,IMF, ICAO, UPU, ITU, AU, 비동맹","대통령: Mahamadou ISSOUFOU (마하마두 이수푸), 총리: Brigi Rafini (브리지 라피니), 외교장관: Kalla Ankouraou( 칼라 앙쿠라우)",2020
니카라과,NI,공화국,대통령 중심제,"단원제(92석, 임기 5년)",12해리,"12,000명(육군 10,000명, 해군 800명, 공군 1,200명)","산디니스타 민족해방전선(FSLN), PLI(자유독립당),헌정자유당(PLC), MRS(산디니스타혁신운동당),ALN(니카라과자유연합)","UN(＇45.10), ILO, FAO, UNESCO, WHO, IFC,IDA, IMF, ICAO, OAS, 비동맹, IOC, PCA,UNIDO, UNWTO, WIPO, WTO","대통령: Daniel Ortega Saavedra(2017.1월 3선 연임), 외교장관: Denis Rolando Moncada Colindres(2017.1월 취임)",2020
덴마크,DK,입헌군주제,입헌군주제하 내각 책임제,"단원제, 총 179석(2019.6.5 총선 결과), Blue bloc(우파 75석) : 덴마크 국민당(16석), 자유당(43석), 자유동맹당(4석), 보수당(12석), Red bloc(좌파 91석) : 사회민주당(48석), 적색녹색동맹당(13석), 사회자유당(16석), 사회국민당(14석), 대안당(9석), 신보수당(4석), 그린란드ㆍ페로제도 4석",12해리,"14,500명(육군 6,900명, 해군 2,200명, 공군 2,900명, 합동군 2,500명)",사회민주당 단독 소수정부,"UN(＇45.10), ILO, FAO, UNESCO, WHO, IFC,IDA, IMF, NATO 등","국가원수: 마그레테 2세 여왕 (1972.1 즉위, Margrethe Ⅱ), 총리: 메테 프레데릭센(2019.6월 취임, Mette Frederiksen), 외교장관: 예베 코포드(2019.6월 취임, Jeppe Kofod)",2020
도미니카공화국,DO,"공화국, 대통령 중심제",,"양원제(양원 모두 임기 4년) (상원 : 32석, 하원 : 190석)",200해리,"56,050명(육군 28,750명, 해군 11,200명, 공군 16,100명)","도미니카해방당(PLD), 도미니카혁명당(PRD),기독사회개혁당(PRSC)","UN(＇45.10), OAS, ILO, FAO, UNESCO, WHO,IFC, IDA, IMF, ICAO, 비동맹","대통령: Luis Abinader(2020.8. 취임), 외교장관: Roberto Alvarez(2020.8. 임명)",2020
도미니카연방,DM,공화국(영연방),내각책임제,"단원제(30석, 임기5년) (직선의원：21명, 임명의원：9명)",,,"도미니카노동당(Dominica Labour Party),도미니카연합노동자당(Dominica United Worker＇s Party),도미니카자유당(Dominica Freedom Party)","UN(＇78.11), OAS, CARICOM, OECS","대통령: Charles Angelo Savarin (2013.10.2 취임), 총리: Roosevelt Skerrit(2019.12 재집권), 외교장관: Kenneth Darronx(2019.12)",2020
독일,DE,연방공화제(16개주),의원내각제,"(총 709석, ＇17.9.24. 총선) 기민/기사연합(CDU/CSU) 246석, 사민당(SPD) 153석, 좌파당(Linke) 69석, 녹색당(Grüne) 67석, 자민당(FDP) 80석, 독일대안당(AfD) 94석",,"181,550명(육군 63,450명, 해군 15,850명, 공군 31,400명, 의무군 19,500명, 합동지원군 44,850명, 기타 6,500명) ※ 2011.7월부터 의무복무제 중단","기민/기사연합(CDU/CSU : 246석), 사민당(SPD : 153석),독일대안당(AfD : 94석), 자민당(FDP : 80석),좌파당(Linke : 69석), 녹색당(Grüne : 67석)※ 2017.9.24 총선 결과","UN(＇73.9), ILO, FAO, UNESCO, WHO, IFC, IDA, IMF, EC, OECD, NATO 등","대통령: 프랑크-발터 슈타인마이어(Frank-Walter Steinmeier, 사민당), 총리: 앙겔라 메르켈(Angela Merkel, 기민당), 외교장관: 하이코 마스(Heiko Maas, 사민당)",2020
동티모르,TL,공화제,"이원집정부제 (대통령이 외치(외교, 국방), 총리가 내치 담당)",단원제 (65석) (2018.5.12. 총선 실시),,"1,330명(육군 1,250명, 해군 80명)","동티모르독립혁명전선(FRETILIN), 동티모르국가재건회의(CNRT), 민주당(PD), 개혁당(Frenti-Mudanca) ※2018.5월 총선에서 민중자유당(PLP), 동티모르국가재건회의(CNRT) 등으로 구성된 야권연합이 과반 확보(34석)","UN(＇02.9), CPLP, ARF","대통령: 프란시스코 구테레스 루 올로(Francisco Guterres Lú-Olo), 총리: 타우르 마탄 루악(Taur Matan Ruak) ※ 본명은 호세 마리아 드 바스콘셀로스(Jose Maria de Vasconcelos), 외교장관: 아달기자 마그노(Adalgiza Albertina Xabier Reis Magno)",2020
라오스,LA,인민민주공화제,,단원제,,"29,100명(육군 25,600명, 공군 3,500명)",라오인민혁명당(유일정당),"UN(＇55.12), FAO, UNESCO, ILO, IMF, ESCAP,ASEAN, WTO 등","대통령: 분냥 보라칫 (Bounhang Vorachith), 총리: 통룬 시술릿 (Thongloun Sisoulith), 부통령: 판캄 비파반 (Phankham Viphavanh), 국회의장: 파니 야토투 (Pany Yathortou), 외교장관: 살름싸이 꼼마싯 (Saleumxay Kommasith)",2020
라이베리아,LR,공화제(대통령 중심제),대통령 중심제,"상원(30석), 하원(73석)",200해리,"2,010명(육군 1,950명, 해안경비대 60명)",,"UN(＇45.11), AU, ILO, FAO, UNESCO, WHO,IFC, IDA, IMF","대통령: George Weah(조지 웨아), 부통령: Jewel Howard-Taylor(쥬얼 하워드-테일러), 외교장관: Dee-Maxwell Saah Kemayah(디-맥스웰 사아 케마야)",2020
라트비아,LV,공화제,내각책임제,"단원제, 총 100석(2018.10월 총선 결과), 연정 : 신보수당(16석), KPV LV(12석), 국민연합(12석), 개발당(13석), 신통합당(8석), 야당 : 화합당(22석), 녹색농민연합(10석), 무소속(7석) ※ 화합중앙당(親러시아계)은 정당별 득표는 1위이나 親러성향으로 인해 연정에서 배제",,"6,210명(육군 1,400명, 해군 480명, 공군 430명, 합동군 3,300명, 국가방위대 600명)","화합당(23석), 신보수당(16석), KPV LV(16석),국민연합(13석), 개발당(13석), 녹색농민연합(11석) 등","UN(＇91.9), IOC(＇91.9), UNESCO(＇91.10), IBRD(＇92.4),NATO(＇04.3), EU(＇04.5), OECD(＇16)","국가원수: 에길스 레비츠 대통령 (Egils Levits, 2019.7월 취임), 정부수반: 아르투르스 크리스야니스 카린스(Arturs Krišjānis Kariņš, 2019.1월 취임), 외교장관: 에드가스르 린케비치 장관 (Edgars Rinkēvičs, 2011.10월 취임)",2020
러시아,RU,공화국연방(85개 연방주체로 구성) (러시아 정부 자료 기준),"대통령중심제(임기 6년, 중임 가능)",상·하 양원제 (상원(Federation Council) : 170명(연방주체별 각2명)) (하원(State Duma) : 450명),,"900,000명(육군 280,000명, 공수부대 45,000명, 해군 150,000명, 공군 165,000명 등)","통합러시아당, 공산당, 공정한 러시아당, 자유민주당","UN(＇45.10), OSCE, ILO, UNESCO, WHO, ICAO,UPU, ITU, WMO, WTO","대통령: 푸틴 (Vladimir Putin), 총리: 미슈스틴(Mikhail Mishustin), 외교장관: 라브로프 (Sergey Lavrov), 상원의장: 마트비엔코(Valentina Matviyenko), 하원의장: 볼로딘(Vyacheslav Volodin)",2020
레바논,LB,공화국,"대통령중심제(6년, 단임제)이나, Taif협약에 따라 대통령(기독교 마론파)ㆍ총리 (순니파)ㆍ국회의장(시아파)이 권력균점",단원제(128석),,"72,000명(육군 65,000명, 해군 5,000명, 공군 2,000명)","자유애국운동(Free Patriotic Movement),미래운동(Future Movement), 아말운동(AmalMovement), 헤즈볼라(Hizbullah)","UN(＇45.10), IAEA, ILO, WHO, IBRD, UNCTAD","대통령: Michel Aoun(아운)-기독교, 총리: Saad Hariri(하리리)-이슬람(순니파), 국회의장: Nabih Berri(베리)-이슬람(시아파)",2020
레소토,LS,입헌군주제(내각책임제),입헌군주제(내각책임제),"양원제(하원 120, 상원 33)",,"2,000명(육군 2,000명)","ABC(집권당, 40.5%), DC(25.8%), LCD(9.0%)","UN(＇66.10), FAO, UNESCO, WHO, IFC, IDA,IMF, ICAO, OAU","국가원수: Letsie III세 국왕(레치에 3세), 총리: Thomas Motsoahae Thabane(토마스 사반느), 외무장관: Thohang Sekhamane(토행 세카마네)",2020
레위니옹,RE,,"프랑스정부 임명(지사 1명, 부지사 3명), 민선 대표(하원 7명, 상원 3명)",,,,,,,2020
루마니아,RO,공화제,의원내각제가 가미된 대통령중심제,"양원제(임기 4년) (상원 : 136석 ,하원 : 329석)",,"69,300명(육군 36,000명, 해군 6,500명, 공군 10,300명, 합동군 16,500명)","사회민주당, 자유당, 루마니아구국연합, 민주헝가리연합,자유민주연합, 국민행동당 등","UN(＇55.12), ILO, FAO, UNESCO, WHO, IMF,ICAO, UPU, GATT, IBRD, NATO(＇04.4),EU(＇07.1.1)","대통령: 클라우스 요하니스(Klaus Iohannis, 14.12월 취임, 19.12월 취임(연임)), 총리: 루도비크 오르반(Ludovic Orban, 19.11월 취임, 20.2월 불신임, 20.3월 재취임), 외교장관: 보그단 루치안 아우레스쿠 (Bogdan Lucian Aurescu, 19.11월 취임)",2020
룩셈부르크,LU,입헌군주제,입헌군주제하 내각책임제,"(총60석, 단원제, ＇18.10월 총선결과) 기독사회당(21석), 사회당 (10석), 민주당 (12석), 녹색당(9석) 등",내륙국,육군 900명,"기독사회당, 민주당, 사회당, 녹색당","UN(＇45.10), ILO, FAO, UNESCO, WHO, IFC,IDA, IMF, EC, NATO 등","국가원수: 앙리(Henri) 대공('00.10.7 즉위), 총리: 자비에 베텔(Xavier Bettel) (민주당, '18.12~, 연임), 외교장관: 장 아셀보른(Jean Asselborn) (사회당, '04.7~)",2020
르완다,RW,공화제(대통령 중심제),"대통령 중심제(5년 임기, 1회 재선)","양원제(상원: 26, 하원: 80)",,"33,000명(육군 32,000명, 공군 1,000명)","RPF(르완다 애국전선, 여당), PSD(사회민주당, 제1야당), PL(자유당, 제2야당)","UN(＇62.9), ILO, FAO, UNESCO, WHO, IFC, IDA,IMF, ICAO, UPU, OAU, 비동맹","대통령: Paul Kagame, 총리: Ngirente Edouard, 외무장관: Vincent Biruta",2020
리비아,LY,"임시정부(온건이슬람주의 표방), 헌법제정 및 정치체제 확정 예정","임시정부(온건이슬람주의 표방), 향후 헌법 및 정치체제 확정 예정",리비아 의회(200석),12해리,,,"UN(＇55.12), ILO, FAO, UNESCO, WHO, IFC,IAEA, IDA, IMF, IMO, ICAO, UPU, OPEC, AU,아랍연맹",총리: Fayez Mustafa al-Sarraj,2020
리투아니아,LT,공화제,이원집정부제,단원제(141석),,"19,850명(육군 12,400명, 해군 750명, 공군 1,200명, 합동군 5,500명)","농민녹색연합, 사회민주노동당, 질서정의당,폴란드선거운동-기독가족연합(이상 연정구성 정당),조국연합-기민당, 자유운동당, 용기있는길 등","UN(＇91.9), UNESCO(＇91.10), ICAO(＇92.1), IBRD(＇92.4),WTO(＇00.12), EU(＇04.5), NATO(04.3), OECD(＇18.5)","총리: 사울리우스 스크베르넬리스 (Saulius Skvernelis) (16.11월 취임), 외교장관: 리나스 린케비치우스 (Linas Linkevičius) (12.12월 취임, 16.11월 연임), 대통령: 기타나스 나우세다 (Gitanas Nausėda) (19.7월 취임)",2020
리히텐슈타인,LI,입헌군주제 (대공이 국가원수),의회민주제,"총 25석(상원 15석, 하원 10석)(임기 4년)",,,"진보시민당, 조국연합당, 독립당, 자유공천당","UN(＇90.9), ICJ, IPI, ITU, WIPO, IAEA, UNCTAD 등","국가원수: 한스-아담 대공 2세 (Prince Hans-Adam Ⅱ), 정부수반: 아드리안 하슬러 총리 (Adrian Hasler), 외교장관: 카트린 에겐베르거 장관(Dr. Katrin Eggenberger)",2020
마다가스카르,MG,공화제(대통령 중심제),"대통령 중심제(직선제, 중임 가능)","양원제(국민의회 151석, 상원 63석)",50해리,"13,500명(육군 12,500명, 해군 500명, 공군 500명)","HVM, MAPAR, TIM, MMM 등","UN(＇60.9), ILO, FAO, UNESCO, WHO, IFC,IDA, IMF, OAU, ICAO, UPU","대통령: Andry Rajoelina(안드리 라조엘리나), 총리: Christian Ntasy(크리스티앙 은짜이), 외교장관: Djacoba Oliva Tehindrazzanarivelo(자코바 올리바 테힌드라자나리벨루)",2020
마르티니크,MQ,,"프랑스정부 임명(지사 1명, 부지사 3명), 민선 대표(하원 4명, 상원 2명)",,,,,,,2020
마셜제도,MH,공화제,의원내각제(대통령제),"단원제(총33석, 임기4년) (국가원수이자 행정수반인 대통령은 의회에서 선출되며, 대통령이 내각 구성원을 지명)",,미국과의 자유연합협정(＇86.10)에 의거 미국에 의존,,"UN(＇91.9), SPC, SPF(PIF), ADB","대통령: David Kabua(20.1월~), 외교장관: Casten Nemra(20.1월~)",2020
마요트,YT,,"프랑스정부 임명(지사 1명), 민선 대표(하원 2명, 상원 2명)",,,,,,,2020
마이크로네시아연방,FM,,대통령제(연방국가),"단원제 (총14석) (4개 주에서 각 1명(임기 4년), 인구비례로 10명(임기 2년) 선출)",,미국과의 자유연합협정(＇86.11)에 의거 미국에 의존,,"UN(＇91.9), SPC, SPF(PIF), ADB, ESCAP, ICAO","대통령: David W. Panuelo (19.5월~), 외교장관: Kandhi Elieisar (20.1월~)",2020
말라위,MW,공화제(대통령 중심제),대통령 중심제,단원제(193석) ,,"5,300명(육군 5,300명)","PP(여당), DPP, MCP, UDF","UN(＇64.12), AU, 영연방, ILO, FAO, UNESCO,WHO, IFC, IDA, IMF, ICAO, UPU","대통령: 피터 무타리카(Peter Mutharika) , 부통령: 공석, 외무장관: 콘드와니 난크후마(Kondwani Nankhumwa)",2020
말레이시아,MY,선임제 입헌군주제,"의원내각제(양원제, 하원 우위)","양원제, 하원 우위",,"11만 명(육군 8만 명, 해군 1.5만 명, 공군 1.5만 명)","◦여당연합(Pakatan Harapan, 희망연대)- PKR(말레이계 중심의 다인종 정당), PPBM당(말레이계 중심),DAP(중국계 중심의 다인종 정당), Amanah당 등 ◦야당연합(Barisan Nasional, 국민전선)- UMNO(말레이계), MIC(인도계) 등","UN(＇57.9), GATT, FAO, ILO, IBRD, IMF, ICAO,WHO, UNESCO, ASEAN, 비동맹, 영연방","국왕: 압둘라(His Excellency The Yang di-Pertuan Agong XVI Al-Sultan Abdullah Ri’ayatuddin Al-Mustafa Billah Shah ibni Almarhum Sultan Haji Ahmad Shah Al-Musta’in Billah), 총리: 무히딘(Tan Sri Muhyiddin bin Mohd Yassin), 하원의장: 아즈하(Datuk Azhar Azizan Harun), 상원의장: 라이스(Tan Sri Dato’ Seri Utama Dr. Rais Yatim), 외교장관: 히샤무딘(Dato' Seri Hishammuddin Tun Hussein)",2020
말리,ML,공화제(대통령 중심제),대통령 중심제(임기 5년),단원제(147석),,"8,000명(육군 8,000명)","US-RDA, ADEMA, CNID, UFD 등","UN(＇60.9), AU, ILO, FAO, UNESCO, WHO, IFC,IDA, IMF, ICAO, UPU, 비동맹","대통령: Ibrahim Boubacar KEITA (이브라힘 부바카르 케이타), 총리: Boubou SISSE (부부 시세), 외교부장관: Tiéblié DRAME (티에빌레 드라메)",2020
맨 섬,IM,,"총독(영국 여왕 임명), 수석장관은 의회에서 선출",양원제 의회(High Court of Tynwald),,,,,,2020
멕시코,MX,"연방 공화국, 대통령 중심제(임기 6년, 단임)",,"양원제 (상원 : 128석(임기 6년), 하원 : 500석(임기 3년))",12해리,"277,150(육군 208,350명, 해군 60,300명, 공군 8,500명)","국민행동당(PAN), 민주혁명당(PRD), 제도혁명당(PRI)","UN(＇45.11), ILO, FAO, UNESCO, WHO, IFC,IDS, IMF, ICAO, OAS, 비동맹, WTO, OECD,SELA, IDB, NAFTA","대통령: Andres Manuel Lopez Obrador(2018.12.1 취임), 외교장관: Marcelo Ebrard(2018.12.1 취임)",2020
모나코,MC,입헌군주제,,"단원제(24명, 임기 5년)",,,"모나코공국연합당, 모나코 제일당, 모나코연합당","UN(＇93.5), UNESCO, WHO, UPU, ITU, WIPO,IAEA","국가원수: 알베르 2세 대공(Prince Albert Ⅱ), 국무장관 (총리): 세르쥬 텔(Serge Telle), 외무장관: 로랑 앙젤미(Laurent Anselmi)",2020
모로코,MA,입헌군주제,입헌군주제,"양원제(상원 120석, 하원 395석)",12해리,"195,800명(육군 175,000명, 해군 7,800명, 공군 13,000명)","정의개발당(PJD : Partide la justice et du Developpement),정통현대당(PAM : Parti Authenticite et Modernite),독립당(PI : Parti de I＇lstiqlal),독립국민연합당(RNI: Rassemblement National desIndépendants),민중운동당(MP : Mouvement Populaire)","UN(＇56.11), ILO, FAO, UNESCO, WHO, IFC, IDA,IMF, ICAO, UPU, 비동맹, 아랍연맹, WTO, OPCW","국왕: Mohammed Ⅵ(모하메드 6세), 정부수반(총리): Saad Eddine El Otmani(엘 오트마니), 외교/아프리카협력/재외국민부 장관: Nasser Bourita(부리타)",2020
모리셔스,MU,공화제(의원내각제),의원내각제,"단원제(70석), 매 5년 선거",12해리,"상비군 없음(약 2,000명의 경찰 특수기동대가 군임무 수행)","AS, MSM/MMM, OPR","UN(＇68.4), ILO, FAO, UNESCO, WHO, IFC, IDA,IMF, OAU, ICAO, UPU","대통령: Prithvirajsing Roopun(프리쓰비랏싱 루푼), 총리: Pravind Jugnauth(프라빈드 저그노쓰), 외교장관: Nandcoomar Bodha(난드쿠마 보드하)",2020
모리타니아,MR,대통령중심제,대통령 중심제,양원제,12해리,"15,850명(육군 15,000명, 해군 600명, 공군 250명)",,"UN(＇61.10), AU, ILO, FAO, UNESCO, WHO, IFC,IMF, ICAO, UPU, 아랍연맹","대통령: Mohamed Ould Cheikh El Ghzouani('19.8월 취임), 총리: Mohamed Ould Bilal Messoud, 외교장관: Ismael Ould Cheikh Ahmed",2020
모잠비크,MZ,공화제(대통령 중심제),대통령 중심제,"단원제(250석, 5년 임기)",12해리,"11,200명(육군 10,000명, 해군 200명, 공군 1,000명)","모잠비크 해방전선(Frelimo:여당), 모잠비크 국민저항(Renamo:야당), 모잠비크 민주운동(MDM: 야당)","UN(＇75.9), AU, ILO, FAO, UNESCO, WHO,ICAO, UPU, ITU, WMO, IMCO, IMF 등","대통령: Filipe Jacinto Nyusi (뉴지), 총리: Carlos Agostinho do Rosario, 외교장관: Conduna Antonio Pacheco",2020
몬테네그로,ME,공화제,의원내각제(대통령직선),"단원제(81석, 임기 4년)",,"1,950명(육군 875명, 해군 350명, 공군 225명, 그외 500명)",,,"대통령: 밀로 주카노비치(Milo Đukanović), 총리: 두스코 마르코비치 (Dusko Marković), 외무장관: 스르단 다르마노비치 (Srdan Darmanović)",2020
몬트세랫,MS,,"총독(영국 여왕 임명), 총리(의회에서 선출)",단원제 의회,,,,,,2020
몰도바,MD,내각책임제,이원집정부제,"단원제(101석, 2019.2.24 총선)",,"현역 5,150명(육군 3,250명, 공군 600명, 수송지원 1,300명)",,"UN(＇92.3), CIS, GUAM, ICAO UNCTAD, UNHCR,UNIDO, IMF, WTO, WHO, OSCE, BSEC 등","대통령: 이고르 도돈(Igor Dodon), 총리: 이온 키쿠(Ion Chicu), 외교장관: 아우렐리우 치오코이(Aureliu Ciocoi)",2020
몰디브,MV,공화제,대통령중심제(임기 5년 2기로 제한),"People＇s Majilis라는 이름의 단원제, 의석수 87석(5년 임기)",12해리,,"몰디브 진보당, 몰디브 민주당 등 (2005년 정당제 최초 도입)","UN(＇65.9), ICAO, ITU, FAO, UNCTAD, UPU, WHO, IMF, 비동맹","대통령: 이브라힘 솔리(Ibrahim Mohamed Solih), 외무장관: 압둘라 샤히드(Abdulla Shahid)",2020
몰타,MT,공화제,내각책임제,"단원제(총67석, ＇17.6월 총선 결과) 노동당(37석), 민주당(28석), 기타(2석)","12해리(어업수역 25해리, 경제수역 200해리)","1,950명",노동당 단독내각,"UN(＇64.12), ILO, FAO, UNESCO, WHO, IMF,ICAO, UPU, 비동맹, OSCE, EU(＇04.5) 등","국가원수: 조지 윌리엄 벨라(George William Vella) 대통령 ('19.4월), 총리: 로버트 아벨라(Robert Abela) ('20. 1월), 외교장관: 에바리스트 바르톨로(Evarist Bartolo) ('20. 1월)",2020
몽골,MN,"민주공화제(1992, 신헌법 발효) (의원내각제적 성격이 강한 이원 집정부제)",이원집정부제,"국가대회의(국회) (76석, 임기 4년)",내륙군으로 영해 없음,"육군 및 공군 : 약 10,000명","인민당(62석), 민주당(11석), 우리의연대(1석), 바른인사유권자연대(1석), 무소속(1석)","UN(＇61.10), ESCAP, WHO, UNESCO, ILO, UNDP, IMF, WB, WTO, ARF, ASEM 등","대통령: Kh.Battulga(바트톨가,민주당), 총리: U.Khurelsukh(후렐수흐, 인민당), 국회의장: G.Zandanshatar(잔당샤타르, 인민당), 외교장관: N.Enkhtaivan(엥흐타이왕, 인민당)",2020
미국,US,연방공화제(대통령 중심제),연방공화국(대통령 중심제),"상 · 하 양원제 (상원 : 100석(임기 6년), 하원 : 435석(임기 2년))",12해리,"1,359,450명(육군 476,200명, 해군 329,850명, 공군 325,900명, 해병 185,400명, 해안경비대 42,100명)","공화당(Republican Party), 민주당(Democratic Party)","UN(＇45.10), ILO, FAO, WHO, IFC, IDA, IMF,ICAO, UPU, ITU, NATO 등","대통령: 트럼프(Donald Trump), 부통령: 펜스(Mike Pence), 국무장관: 폼페오(Mike Pompeo)",2020
미얀마,MM,,"대통령 중심제 (2011.3. 민선정부 출범, 과도군사정부 시절 인사가 주축)",,,"40.6만 명(육군 37.5만 명, 해군 1.6만 명, 공군 1.5만 명)","NLD(National League for Democracy),USDP(Union Solidarity and Development Party) 등","UN(＇48.4), ILO, WHO, FAO, UNESCO, ESCAP,ASEAN 등","대통령: 윈 민 (Win Myint), 국가고문 겸 외교장관: 아웅산 수찌 (Aung San Suu Kyi), 하원의장: 티 쿤 먓 (T Khun Myatt), 상원의장: 윈 카잉 딴 (Win Khaing Than)",2020
바누아투,VU,공화제,공화제 (의원내각제),"단원제 (총52석, 임기4년) ",3해리,,"바누아쿠당(Vanua＇aku Pati),중도연합당(Union of Moderate Parties),국가연합당(national United Party),멜라네시아진보당 (Melanesian Progressive Party)","UN(＇81.9), 비동맹회의, SPC, SPF(PIF)","대통령(국가원수, 임기5년): Tallis Obed Moses (17.7월-), 총리(행정수반): Bob Loughman (20.4월-), 외교장관: Marc Ati (20.4월-)",2020
바레인,BH,국왕중심의 입헌군주제,왕정체제,"상원 (임명제, 의원 40인, 임기 4년), 하원 (선출제, 의원 40인, 임기 4년)",12해리,"14,500명 (육군 6,000명, 해군 7,000명, 공군 1,500명)",,"UN(＇71.9), ILO, FAO, UNESCO, WHO, IFC, ICAO,UPU, IMO, GCC, 비동맹, 아랍연맹","국왕: His Majesty Hamad bin Isa Al Khalifa, 총리 겸 왕세자: His Royal Highness Salman bin Hamad bin Isa Al Khalifa, 외교장관: Dr. AbdulLatif bin Rashid Al Zayani",2020
바베이도스,BB,"입헌군주국(영연방), 내각책임제",,"양원제 (상원 21석(임기 5년, 총독임명), 하원 30석(임기 5년, 민선투표))",12해리,"610명(육군 500명, 해군 110명)","민주노동당(Democratic Labour Party), 바베이도스노동당(Barbados Labour Party)","UN(＇66.12), ILO, FAO, UNESCO, WHO, GATT,IMF, OAS, OCAS, 비동맹","원수: 영국여왕 Queen Elizabeth Ⅱ(1952.2.6), 총독: Sandra Prunella Mason(2018.1), 총리: Mia Mottley(2018.5), 외교장관: Jerome Walcott(2018.5)",2020
바하마,BS,"입헌군주국, 내각책임제",,"양원제 (상원 : 16석(임기 5년), 하원 : 39석(임기 5년))",12해리,1300명,"FNM(Free National Movement),PLP(The Progressive Liberal Party)","UN(＇73.9), FAO, FATT, ILO, IMF, WHO, IBRD,ICAO, ITU, OAS, ITU, CARICOM, 비동맹","원수: Queen Elizabeth Ⅱ (영국여왕), 총독: Marguerite Pindling(2014.7.8 취임), 총리: Hubert Minnis(2017.5.), 외교장관: Darren Henfield(2017.5)",2020
방글라데시,BD,공화제,내각책임제(91.9월 개헌),"단원제(의석 350, 임기 5년)",12해리,15.7만,"아와미연맹(Awami League, 현 여당),방글라데시민족주의당(BNP : Bangladesh NationalistParty, 이슬람당(Jamaat-e-Islami) 등","UN(＇74.9), IDA, IMF, ITU, IBRD, ICAO,UNESCO, FAO, ILO, ADB, ESCAP","대통령: Abdul Hamid(13.4월 취임), 총리: Sheikh Hasina(09.1월 취임), 외교장관: A.K. Abdul Momen (19.1월 취임), 여당(AL) 당수: Sheikh Hasina 총리, 야당(BNP) 당수: Khaleda Zia",2020
버뮤다,BM,,"총독(영국 여왕임명), 총리, 의회(양원제)",,,,,,,2020
베냉,BJ,공화제(대통령 중심제),대통령 중심제,단원제,200해리,"7,250명(육군 6,500명, 해군 500명, 공군 250명)","민주개혁당, 진보세력연합 등 30여개","UN(＇60.9), ILO, FAO, UNESCO, WHO, IDA, IMF,ICAO, UPU, AU","대통령: 파트리스 탈롱(Patrice Talon), 외교장관: 오레리안 악베논시(Aurélien Agbénonci) ",2020
베네수엘라,VE,"연방공화제(23주, 1개 특별행정구(수도), 1개 연방자치령, 대통령 중심제)","대통령 중심제(임기 6년, 연임가능)","단원제 (총 165석(현의원 2015.12 선출), 임기 5년(연속 2회 재선 가능))",12해리,"123,000명(육군 63,000명, 해군 25,500명, 공군 11,500명, 국가경비대 23,000명)",,"UN(＇45.11), CD, CDB, CELAC, FAO, G15, G24,G77, IADB, IAEA, IBRD, ICAO, ICC, ICCt,ICRM, IDA, IFAD, IFC, IFRCS, IHO, ILO, IMF,IMO, IMSO, Interpol, IOC, IOM, IPU, ITSO,ITU, ITUC (NGOs), LAES, LAIA, Mercosur,MIGA, NAM, OAS, OPANAL, OPCW, OPEC,PCA, Petrocaribe, UNASUR, UNCTAD, UNESCO,UNHCR, UNIDO, Union Latina, UNWTO, UPU,WCO, WFTU, WHO, WIPO, WMO, WTO,Caricom(옵저버), LAS(옵저버)","부통령: Delcy Rodríguez(2018.06.14 임명), 외교장관: Jorge Arreaza(2017.08.02 임명), 대통령: Nicolas Maduro(2018.05.20 재선)",2020
베트남,VN,사회주의 공화제,사회주의 공화제,임기 5년 단원제(의석 수 500석),,"48.2만 명(육군 41.2만 명, 해군 4만 명, 공군 3만 명)",공산당(유일정당),"UN(＇77.9), IBRD, ILO, ASEAN, WTO 등","당서기장 겸 국가주석: 응우옌 푸 쫑(Nguyen Phu Trong), 총리: 응우옌 쑤언 푹(Nguyen Xuan Phuc), 국회의장: 응우옌 티 낌 응언(Nguyen Thi Kim Ngan), 부총리 겸 외교장관: 팜 빙 밍(Pham Binh Minh)",2020
벨기에,BE,입헌군주제,입헌군주국으로 내각책임제,"상원구성 : 임기5년, 총60석, 하원구성 : 임기5년, 총150석",12마일,"26,550명(육군 9,750명, 해군 1,450명, 공군 5,700명, 의료부대 1,250명, 합동군 8,400명)","자유당, 사회당, 기독사회당, 녹색당","UN(＇45.12), ILO, FAO, UNESCO, WHO, IFC,IDA, IMF, EC, OECD, NATO 등","국가원수: 필립(Philippe) 국왕, 총리: 알렉산더 드크루(Alexander De Croo, 2020.10~), 외교장관: 소피 윌메스(Sophie Wilmes, 2020.10~)",2020
벨라루스,BY,공화제,대통령제(공화제),"양원제 (상원 64석, 하원 110석, 임기 4년)",,"45,350명(육군 10,700명, 공군 11,750명, 특수부대 5,900명, 합동군 17,000명)",,"UN(＇45.10), EBRD, IAEA, ICAO, ILO, IMF, OSCE,UNESCO, BSEC(observer), WTO(observer) 등","대통령: 알렉산더 루카센코(Alexandr Lukashenko, 94.7월 이래 6선), 총리: 로만 골로브첸코(Roman Golovchenko), 외교장관: 블라디미르 마케이(Vladimir Makei), 상원의장: 나탈리야 코차노바(Nataliya Kochanova), 하원의장: 블라디미르 안드레이첸코(Vladimir  Andreichenko)",2020
벨리즈,BZ,"입헌군주국(영연방), 의원내각제",,"양원제 (상원 12석(임기 5년), 하원 31석(임기 5년))",12해리,"1,500명","연합민주당(UDP), 국민연합당(PUP)","UN(＇81.9), CARICOM, CDB, GATT, IMF, 비동맹","국가원수: Queen Elizabeth Ⅱ, 총독: Sir Colville Young(1993.11 취임), 총리: Juan Antonio Briceno('20.11~ ), 외교장관: Wilfred Erlington(2010.8 임명)",2020
보스니아헤르체고비나,BA,,"1국(BiH) 2체제(FBiH, RS), 2체제 구성체(보스니아-헤르체고비나 연방(FBiH) : 보스니아계 및 크로아티아계(10개州), 스르프스카 공화국(RS) : 세르비아계)","양원제 (하원 : 15석(3대 민족계파별 5석), 상원 : 42석(FBiH 28석, SR 14석))",,"총 10,500명",,UN(92.5.22),"국가원수 (세르비아계 위원): 밀로라드 도딕(Milorad Dodik), 국가원수 (크로아티아계 위원): 젤리코 콤쉬치(Želiko Komšić), 국가원수 (보스니아계 위원): 쉐픽 자페로비치(Šefik Džaferović), 정부수반 : 각료이사회 의장 (총리급): 조란 테겔티야(Zoran Tegeltija), 외교장관 겸 각료이사회 부의장: 비세라 투르코비치(Bisera Turković)",2020
보츠와나,BW,공화제(대통령 중심제),내각책임제를 가미한 대통령중심제 (다수당 당수가 대통령직 승계),"단원제 (63명: 선거에 의해 57명 선출, 4명은 대통령이 지명, 당연직 2명(대통령, 검찰총장), 15명으로 구성된 추장원(House of Chiefs)은 부족문제에 대한 조언권 보유)",,"11,200명(육군 6,400명, 공군 600명, 헌병경찰대 4,200)","BDP(집권당, 46.5%), UDC(30.0%), BCP(20.4%),기타(3.1%)","UN(＇66.10), AU, ILO, WHO, IFC, IDA, IMF,ICAO, UNESCO, UPU, SACU, SADC, WTO","대통령: Mokgweetsi Masisi(모퀴치 마시시)(2018.4월~), 부통령: Slumber Tsogwane(슬럼버 초그와네), 외무장관: Unity Dow(유니티 다우)",2020
볼리비아,BO,"대통령 중심제(임기 5년, 연임 가능)",대통령 중심제,"양원제(상원 36석, 하원 130석) (임기 : 상·하원 각 5년)",,"34,100명(육군 22,800명, 해군 4,800명, 공군 6,500명)","사회주의운동당(MAS), 민주연합당(UD), 기독민주당(PDC)","UN(＇45.11), ILO, FAO, UNESCO, WHO, IFC,IDA, IMF, OAS, 비동맹","대통령: Luis Arce Catacora (루이스 아르세 까따꼬라, '20.11월 취임), 외교장관: Rogelio Mayta Mayta (로헬리오 마이따 마이따, '20.11월 취임)",2020
부룬디,BI,공화제(대통령 중심제),"대통령중심제(5년 임기, 1회 재선)","양원제(상원:43석, 하원:121석)",,2만명(육군 2만명),"민주주의수호세력(CNDD-FDD) : 후투여당, 부룬디민주전선(FRODEBU) : 후투야당, 국가진보연합(UPRONA) : 투치야당","UN(＇62.9), ILO, FAO, UNESCO, WHO, IFC,IDA, IMF, ICAO, OAU, 비동맹","대통령: 피에르 응쿠룬지자(Pierre Nkurunziza), 제1부통령: 가스톤 신딤워(Gaston Sindimwo), 제2부통령: 조셉 부토레(Joseph Butore), 외교장관: 에제치엘 니비기라(Ezechiel Nibigira)",2020
부르키나파소,BF,공화제(대통령 중심제),대통령 중심제,단원제(111석),내륙국으로 영해 없음,"11,200명(육군 6,400명, 공군 600명, 헌병 4,200명)",,"UN(＇60.9), AU, 비동맹, ILO, FAO, UNESCO, WHO,IFC, IDA, IMF, ICAO, UPU","대통령: Roch Marc Christian Kabore(로슈 마르크 크리티앙 카보레), 총리: Christophe Joseph Marie Dabire(크리스토프 조제프 마리 다비레), 외교장관: Mamadou Alpha Barry(마마두 알파 바리)",2020
부탄,BT,군주제,입헌군주제(＇08년 신헌법 채택),"양원제 (상원 25명(임기 4년), 하원 47명(임기 5년))",,"군, 경을 합친 총수는 16,000명으로 인도군에 의해 훈련되며, 부탄 군대는 육군과 경찰만 존재","여당 : Druk Nyamrup Tshogpa(부탄통합당), 야당 : Druk Phuensum Tshogpa(부탄평화번영당)",UN(＇71.9),"국왕: Jigme Khesar Namgyel Wangchuck(06.12월 즉위), 총리: Lotay Tshering(18.11월 취임), 외교장관: Tandi Dorji(18.11월 취임)",2020
북마케도니아,MK,,의원내각제,"단원제(120석, 임기 4년)",,"현역 8,000명(합동군 8,000명)","국민통합당(VMRO-DPMNE), 민주통합연맹당(SDSM)",UN(＇93.4),"대통령: 스테보 펜다로프스키(Stevo Pendarovski), 총리: 조란 자에브(Zoran Zaev), 외무장관: 부자르 오스마니(Bujar Osmani)",2020
불가리아,BG,공화제,의원내각제,"단원제(240석, 임기 4년)",,"31,300명(육군 16,300명, 해군 3,450명, 공군 6,700명, 중앙참모 4,850명, 준군사 16,000명)","GERB(유럽발전시민당, 95석), BSP(사회당, 80석), UP(애국자연합, 27석), MRF(권리자유당, 26석), Volya(12석)","UN(＇55.12), WTO, CMEA, ILO, FAO, UNESCO,WHO, ICAO, UPU, ITU, IBRD, IMF, NATO(＇04.4),EU(＇07.1)","대통령: 루멘 라데프 (Rumen Radev, '17.1.- ), 총리: 보이코 보리소프(Boyko Borissov, '17.5.- ), 외교장관: 에카테리나 자하리에바(Ekaterina Zaharieva, '17.5.- )",2020
브라질,BR,연방공화국(대통령 중심제),"대통령 중심제(임기4년, 1차에 한해 연임 가능)","양원제 (상원 : 81석(임기 8년), 하원 : 513석(임기 4년))",,"339,000명(육군 204,000명, 해군 65,000명, 공군 69,000명)","PSL(사회자유당), PT(노동자당), PP(진보당), PMDB(브라질민주운동당), PSDB(브라질사회민주당), DEM(민주당),사회당(PSB) 등","UN(창립회원국), ILO, FAO, UNESCO, WHO, IFC,IDA, IMF, OAS, WTO, IDB, Mercosur, WorldBank 등","대통령: 자이르 보우소나루(Jair Bolsonaro, '19.1.1 취임), 외교장관: 에르네스투 아라우주(Ernesto Araújo, '19.1.1 임명)",2020
브루나이,BN,총리실과 12개 부로 구성,이슬람 절대세습왕정제,"의원 수는 33명으로, 연 1회 소집",12해리,9천명,브루나이국가통합당,"UN(＇84.9), ASEAN, OIC, APEC, ASEM 등","국왕 ※ 총리, 국방장관, 재무장관, 외교장관 겸임: 하싸날 볼키아(Hassanal Bolkiah, 1968.8. 즉위), 왕세자: 알무타디 빌라(AL-Muhtadee Billah), 제2외교장관: 에리완 유소프(Erywan Yusof), 외교부특임대사: 마스나 볼키아(Masna Bolkiah, 국왕의 여동생)",2020
사모아,WS,입헌군주제,의원내각제,"단원제 50석(총50석, 임기5년)",12해리,,인권보호당(Human Right Protection Party),"UN(＇76.12), FAO, WHO, IFC, IDA, IMF, IFAD,영연방, SPC, SPF(PIF)","국가원수: Tuimalealiifano Va'aleto'a Sualauvi Ⅱ(17.7월-), 총리 겸 외교장관 ※ 총리는 의회에서 선출되며, 국가원수가 형식적으로 임명: Tuilaepa Sailele Malielegaoi (98년부터 집권 중, 16.3월 재선)          ",2020
사우디아라비아,SA,이슬람교군주국(정교일치의 국왕중심제),이슬람군주정(정교일치의 국왕중심제),국정자문회의(국왕이 임명권 행사),,"정규군 약 129,000명(육군 77,000명, 공군 20,000명, 해군 13,500명, 방공군 16,000명, 전력미사일군 2,500 명) + 국가방위군 100,000명 + 기타 준군사조직(내무성 치안군) 60,000명(국경/해안 수비대 30,000명, 경찰특수 부대 20,000명, 석유시설 방호부대 10,000명)",없음,"UN(＇45.10), ILO, FAO, UNESCO, WHO, IFC,IDA, IMF, IMO, ICAO, OPEC, 비동맹, 아랍연맹","국왕: 살만(The Custodian of the Two Holy Mosques Salman bin Abdulaziz Al Saud)(15.01.23.즉위), 왕세자: 모하메드 빈 살만(Crown Prince Mohammed bin Salman bin Abdulaziz Al Saud) 국방장관 겸임(15.04.29.임명), 외교장관: 파이살 빈 파르한 알 사우드(Prince Faisal bin Farhan bin abdullah bin Faisal bin Farhan Al Saud)(19.10 임명)",2020
사이프러스,CY,공화제,대통령 중심제,"단원제(56석(터키계 유보의석 24석 제외), 임기 5년)",,"12,000명","노동자진보당, 민주결집당, 민주당, 사회당, 유럽당,환경운동당","UN(＇69.9), ILO, FAO, UNESCO, WHO, IFC, IDA,IMF, IBRD, ECE, NATO, 비동맹운동, EU(＇04.5)","대통령: 니코스 아나스타시아데스(Nicos Anastasiades), 외교장관: 니코스 흐리스토둘리디스(Nikos Christodoulides)",2020
사하라 아랍민주공화국(서부사하라),EH,,알제리내 임시정부수립 (국가원수 : Brahim Ghali),,,,,,,2020
산마리노,SM,공화제,내각책임제,"단원제, 총60석, 임기5년(비례대표제)(＇19.12월 총선결과) (산마리노기민당(21석), 시민운동 R.E.T.E.(11석), 공화국을 위한 우리(8석), 미래공화국(6석), Libera(10석))(연정구성(4개정당) : 산마리노 기민당(21석), 시민운동(11석), 공화국을 위한 우리(8석), 미래자유 운동(4석))",,,"지금산마리노연합(산마리노통합좌파당, 미래공화당, 시민10당),산마리노제일연합(기민당, 사회당, 사회민국당),민주주의운동연합(사회운동당, 민주운동당)","UN(＇93.3), CSCE, ICAO, UNESCO, UPU, ITU,ILO, ICJ 등","국가원수 : 집정관(Captain Regent) 2명 (6개월마다 의회에서 선출): Alessandro Mancini, Grazia Zafferani (2020.4월 취임), 외교장관: Luca Beccari",2020
상투메프린시페,ST,공화제(대통령 중심제),이원 집정제,단원제(55석),12해리,,"ADI(독립민주행동), MLSTP(상투메프린시페해방운동),DCD(민주통합당) 등","UN(＇75.9), FAO, WHO, IDA, IMF, ICAO, UPU,ITU, IFAD, AU","대통령: 에바리스토 카르발요(Evaristo Carvalho), 총리: 조르주 봄 제주스(Jorge Bom jesus), 외교장관: 에디트 도스 라모스 텐 주아(Edite Dos Ramos Ten Jua, 2020.9월 취임)",2020
생피에르·미클롱,PM,,"프랑스정부 임명(지사 1명), 민선 대표(하원 1명, 상원 1명)",,,,,,,2020
세네갈,SN,공화제(대통령 중심제),민주공화국(대통령중심제),단원제(＇13.9. 상원 폐지),12해리,"13,600명(육군 11,900명, 해군 950명, 공군 750명)","세네갈 민주당(PDS), 사회당(PS)","UN(＇60.9), AU, ILO, FAO, UNESCO, WHO, IFC,IDA, IMF, OCAP, UPU, 비동맹","대통령: Macky SALL (마키 살), 외교장관: Amadou Ba (아마두 바)",2020
세르비아,RS,의원내각제(대통령 직선),"의원내각제(대통령 직선, 임기 5년)","단원제 (의석 250석, 임기4년)",,"28,150명(육군 13,250명, 공군 5,100명, 훈련사령부 3,000명, 경계부대 1,600명, 기타 5,200명)","세르비아혁신당(SNS), 세르비아사회당(SPS), 세르비아급진당(SRS), 민주당(DS), 세르비아민주당(DSS) 등",,"대통령: 알렉산다르 부치치(Alexsandar Vucić '17.5-), 총리: 아나 브르나비치(Ana Brnabić, '17.6-), 외교장관: 니콜라 셀라코비치(Nikola Selaković, '20.10-)",2020
세이셸,SC,공화제(대통령 중심제),대통령 중심제,"단원제(33석) (여당: United Seychelles Party (14석), 야당연합: 세이셸 민주연합당(Linyon Demokratik Seselwa, LDS) (19석))",12해리,"420명(육군 200명, 공군 20명, 해안경비대 200명)","United Seychelles Party(여당, 14석), 세이셸 민주연합당(야당, 19석)","ACP, AfDB, AU, COMESA, FAO, G-77, IAEA,IBRD, ICAO, ILO, IMF, IMO, Interpol, IOC,IOM, IPU, ITU, NAM, OIF, SADC, UN,UNCTAD, UNESCO, UNIDO, UNWTO, WHO,WIPO, WTO","대통령: Danny Faure, 부통령 및 외교장관: Vincent Meriton *부통령이 외교장관 겸임",2020
세인트 루시아,LC,"입헌군주국(영연방), 의원내각제",,"양원제 (상원 : 11석, 하원 : 17석(임기 5년))",12해리,"군대 없음, 경찰력 보유","세인트루시아노동당(St. Lucia Labour Party),연합노동자당(United Worder＇s Party)","UN(＇79.9), CARICOM, OAS, OECS, 비동맹","원수: 영국여왕 Queen Elizabeth Ⅱ, 총독: Emmanuel Neville Cenac(2018.1), 총리: Allen Michael Chastanet(2016.6 임명), 외교장관: Sarah Flood-Beaubrun(2016.8 임명)",2020
세인트 빈센트 그레나딘,VC,"입헌군주국(영연방), 내각책임제",,"단원제 (21석, 임기 5년)",,"군대 없음, 경찰 480명","연합노동당(United Labor Party, ULP, 8석),신민주당(New Democratic Party, NDP, 7석),","UN(＇80.9), CARICOM, OECS, OAS","원수: 영국여왕 Queen Elizabeth Ⅱ, 총독: Susan Dougan nee Ryan(‘19.8), 총리: Ralph Gonsalves('15.12., 4기 연임), 외교장관: Ralph Gonsalves(2020.11, 총리 겸임)",2020
세인트 키츠 네비스,KN,"입헌군주국(영연방), 내각책임제",,"단원제(직선 11석, 임명 3석, 임기 5년)",,,"노동당(Labour Party), 시민당(Concerned CitizensMovement), 네비스개혁당(Nevis Reformation Party),인민행동당(People＇s Action Movement)","UN(＇83.9), CARICOM, OECS, OAS","원수: Queen Elizabeth Ⅱ(영국여왕) (1952.2.6), 총독: Samuel Tapley Seaton(2015.2월 취임), 총리: Timothy Harris(2015.2월 취임), 외교장관: Mark Anthony G. Brantley(2015.2월 임명)",2020
세인트 헬레나 섬,SH,,"총독(영국 여왕 임명), 집행위원회 입법위원회",,,,,,,2020
소말리아,SO,대통령제(＇04년 과도연방정부 수립 이후 ＇12년 과도체제 종료),대통령제,"양원제(하원 275석, 상원 54석)",200해리,"19,800명(육근 19,800명)","평화개발당(PDP, 여당), 타요정치당(TPP)","UN(＇60.9), AU, ILO, G-77, Interpol, FAO,UNESCO, WHO, IFC, IMF, ICAO, UPU","대통령: Mohamed Abdullahi Mohamed ""Farmaajo"" (파르마호), 총리: Hassan Ali Khaire (카이르), 외교장관:  Ahmed Isse Awad (아와드), 소말리랜드(미승인국가) 대통령: Muse Bihi Abdi",2020
솔로몬제도,SB,입헌군주제,입헌군주제 (내각책임제),"단원제 (총 50석, 임기 4년)",12해리,,"개혁연합(Alliance for Change Coalition), 인민연합당(People＇s Alliance Party), 사회당(Social Credit Party),인민진보당(People＇s Progressive Party)",,"국가원수: 엘리자베스 2세 영국여왕, 총독: Sir David Vunagi(19.7월-), 총리: Manasseh Sogavare(19.11월-), 외교장관: Jeremiah Manele",2020
수단,SD,대통령 중심 연방제(19.9월부터 과도정부 운영중),39개월 임기의 과도정부 (2019.8 출범),현재 미구성,12해리,"104,300명(육군 100,000명, 해군1,300명, 공군 3,000명, 준군사조직 20,000명)",,"UN(＇56.11), AU, AL, OIC, 비동맹, ILO, FAO,UNESCO, WHO, IFC, IDA, ICAO, UPU, ITU,WMO, IMCO, WIPO, IFAD, IAEA 등","통치위원장(국가 수반): Abdel Fattah al-Burhan, 국무총리: Abdalla Hamdok",2020
수리남,SR,공화국,대통령 중심제,단원제 51석(임기 5년),12해리,"1,840명(육군 1,400명, 해군 240명, 공군 200명)","국민민주당(NDP), 야당연합(V7) 등","UN(＇75.12), ILO, FAO, UNESCO, WHO, IMF,UPU, OAS, 비동맹","대통령: Chan Santokhi(2020.7. 취임), 부통령: Ronnie Brunswijk(2020.7. 취임), 외교장관: Albert Ramdin(2020.7. 임명)",2020
스리랑카,LK,공화제,"대통령 중심제이나, 의원내각제를 가미한 형태",단원제(의석225석/임기5년),12해리,"202,500명","통일국민당(UNP), 스리랑카 자유당(SLFP),인민해방전선(JVP) 타밀민족연합(TNA)","UN(＇55.12), ICAO, ITU, FAO, UNESCO, UPU, WHO,WMO, IMCO, ILO, IMF, ESCAP, SAARC, 비동맹","대통령: 라자팍사(Gotabaya Rajapaksa) (19.11월 취임), 총리: 라자팍사(Mahinda Rajapaksa) (19.11월 취임), 외교장관: 구나와르데나(Dinesh Gunawardena)",2020
스웨덴,SE,입헌군주제,내각책임제,"단원제(총349석/임기4년/＇18.9.9 총선결과) (사민계 : 사회민주당(100), 녹색당(16), 좌파당(28), 보수계 : 보수당(70), 중앙당(31), 자유당(19), 기독민주당(22), 극우성향 : 스웨덴민주당(62), 무소속(1))",12해리,"29,750명(육군 6,850명, 해군 2,100명, 공군 2,700명, staff 18,100명)",중도우파 (사민+녹색) 연정 ※ ＇18.9.9 총선 후 131일간 정식정부 부재 상황을 극복하고 ＇19.1.21 새 정부출범,"UN(＇46.11), ILO, FAO, UNESCO, WHO, IFC, IDA,IMF, IBRD, WTO, EU, OSCE, Nordic Council,OECD, EFTA","국가원수: Carl XVI Gustaf 국왕('73.9 즉위), 총리: Stefan Löfven(14.10 취임, '19.1 연임 / 사민당), 외교장관: Ann Linde('19.9 ~)",2020
스위스,CH,내각책임제의 연방공화국 (26개 칸톤(canton)으로 구성),스위스식 회의체 정부(연방각료 7인으로 구성되는 연방각의),"양원제(하원 200석, 상원 46석, 임기 4년)",,"21,450명(합동군 21,450명)","국민당(SVP), 사민당(SP), 자민당(FDP), 기민당(CVP),녹색당(GLP), 보수민주당(BDP), 기타 군소정당","UN(＇02.9), ILO, FAO, UNESCO, WHO, ICAO,UPU, ITU, OECD 등","대통령 : 연방각료 7인 윤번제 (임기 1년): 시모네타 좀마루가(Simonetta Sommaruga) 환경교통에너지통신장관 겸직 (2020), 외교장관: 이그나지오 카시스(Ignazio Cassis)",2020
스페인,ES,입헌군주국,내각책임제,"하원 350석, 상원 265석(2019.11.10. 총선결과) (사회당(PSOE) : 하원(120석), 상원(113석), 국민당(PP) : 하원(89석), 상원(97석), 복스당(VOX) : 하원(52석), 상원(3석), 포데모스 연합(PU) : 하원(35석), 상원(0석), 카탈루냐공화당(ERC) : 하원(13석), 상원(13석), 시민당(Ciudadanos) : 하원(10석), 상원(9석), 카탈루냐연대당(JxCAT) : 하원(8석), 상원(5석), 바스크민족주의당(PNV) : 하원(6석), 상원(10석), 기타 : 하원(17석), 상원(15석))",12해리,"120,350명(육군 69,250명, 해군 20,100명, 공군 19,350명, 합동군 11,650명)","사회노동당(PSOE), 국민당(PP), 복스당(VOX), 포데모스(Podemos), 시민당(Ciudadanos) 등","UN(＇55.12), ILO, FAO, UNESCO, WHO, IFC,IDA, IMF, OECD, NATO 등","국가원수: 펠리페 6세(Felipe VI) ('14.6~) , 총리: 페드로 산체스 페레스-카스테혼(Pedro Sanchez Perez-Castejon, '18. 6~, 사회당), 외교장관: 아란차 곤잘레스 라야(Arancha González Laya, '20.1~)",2020
슬로바키아,SK,공화제,의원내각제,단원제(150석),,"15,850명(육군 6,250명, 공군 3,950명, 중앙참모 2,550명, 지원군・훈련군 3,100명)","사회민주당(SMER-SD), 자유연대당(SaS), 평범한 사람들(OL＇aNO), 국민당(SNS), 교량당(MOST-Hid) 등","UN(＇93.1), EBRD, IMF, IBRD, GATT, IAEA, OSCE,NATO(＇04.3), EU(＇04.5), OECD DAC(＇13.9) 등","대통령: 주자나 차푸토바(Zuzana Čaputová, 19.6 취임), 총리: 이고르 마토비취(Igor Matovic, 20.3 취임), 외교장관: 이반 코르촉(Ivan Korcok, 20.3 취임)",2020
슬로베니아,SI,공화제,의원내각제(대통령제 가미),"양원제 (상원 40석(임기 5년), 하원 90석(임기 4년)) ※ 하원 의석분포(2018.6.3. 총선) 슬로베니아 민주당(SDS(우파)) : 25석, 마리안 샤레츠당(LMS(중도좌파)) : 13석, 사민당(SD(중도좌파)) : 10석, 현대중앙당(SMC(중도좌파)) : 10석 등",,"6,790명","민주당 (SDS(우파)) 25석, 마리안 샤레츠당(LMS(중도좌파))13석, 사민당(SD (중도좌파)) 10석, 현대중앙당(SMC(중도좌파)) 10석 등※ 2018.6월 총선 결과",,"대통령: 보루트 파호르(Borut Pahor, '12.12- ), 총리: 야네즈 얀사(Janez Jansa, '20.3- ), 외교장관: 안제 로가르(Anže Logar, '20.3- )",2020
시리아,SY,사회주의공화국,대통령중심제,단원제 (250석),12해리,"178,000명(육군 110,000명, 해군 5,000명, 공군 27,000명, 방공군 36,000명)","Baath당, Arab Socialist Unionist Party, Syrian ArabSocialist Union Party, Arab Socialist Party, CommunistParty of Syria","UN(＇45.10), ILO, FAO, UNESCO, WHO, IFC,IDA, 비동맹운동 등","대통령: Bashar Al-Assad(알 아사드), 총리: Hussein Arnous(후세인 아르누스), 외교장관: 공석",2020
시에라리온,SL,공화제(대통령 중심제),대통령 중심제,단원제(146석),200해리,"8,500명","APC(여당), SLPP(제1야당)","UN(＇61.9), 비동맹, AU, ILO, FAO, UNESCO,WHO, IFC, IDA, IMF, ICAO, UPU, EC준회원국","대통령: Julius Maada Bio, 부통령: Mohamed Juldeh Jalloh, 외무장관: Nabeela Farida Tunis",2020
싱가포르,SG,공화국,의원내각제,"임기 5년의 단원제(직선 93석, 지명 9석, 무선거구 2석)",,"72,500명(육군 50,000명, 해군 9,000명, 공군 13,500명)","인민행동당(People＇s Action Party),노동자당(Workers＇ Party)","UN(＇78.9), SPF(PIF), SPC, UPU, IMF, IMO,FAO, ESCAP, IBRD","대통령: 할리마 야콥(Halimah Yacob), 총리: 리센룽(Lee Hsien Loong), 국회의장: 탄 추안-진(Tan Chuna-Jin), 외교장관: 비비안 발라크리쉬난(Vivian Balakrishnan)",2020
아랍에미리트,AE,7개 에미리트로 구성된 연방 공화제,"연방제, 대통령 중심제(7개 에미리트(emirates)로 구성)","임명, 간선 40명의 연방평의회",12해리,"70,000명(육군 47,500명, 해군 2,500명, 공군 9,000명 등)",없음,"UN(＇71.12), ILO, FAO, UNESCO, IFC, WHO, IDA,OPEC, 비동맹, 아랍연맹","대통령: Khalifa bin Zayed Al Nahyan(아부다비 통치자), 부통령 겸 총리: Mohammed bin Rashid Al Maktoum(두바이 통치자), 외교장관: Abdullah bin Zayed Al Nahyan(아부다비 출신)",2020
아루바,AW,,"네덜란드 Willem-Alexander 국왕이 임기 6년의 총독 임명, 총리는 의회에서 선출(임기 4년)",21명 의원으로 구성,,,,,,2020
아르메니아,AM,공화제,의원내각제,단원제 (임기 5년/연임가능/105석),,"44,800명(육군 41,850명, 공군 1,100명, 기타 1,850명)","나의 발걸음 연합(여당), 번영당 등","UN(1992.3.2.), WTO(2003.2.5.), EAEU(유라시아경제연합; 2015.1.2.)","대통령: 아르멘 사르키샨(Armen Sarkissian), 총리: 니콜 파쉬냔(Nikol Pashinyan), 외교장관: 아라 아이바지안(Ara Aivazian)",2020
아르헨티나,AR,공화제(대통령 중심제),"대통령 중심제(임기 4년, 1차에 한해 연임가능)","양원제 (상원 : 72석(임기 6년), 하원 : 257석(임기 4년))",,"152,500명(육군 120,000명, 해군 18,500명, 공군 14,000명)","공화당(PRO), 혁신당(UCR), 시민연합당(CC),정의주의당(PJ, 페론당) 등","UN(＇45.10), OAS, ILO, FAO, UNESCO, WHO, IFC, IDA, IMF 등","대통령: Alberto Fernandez(알베르토 페르난데스 19.12.10 취임), 부통령: Cristina Fernandez(크리스티나 페르난데스 19.12.10 취임), 외교장관: Felipe Carlos Sola(펠리페 솔라 19.12.10 취임)",2020
아이슬란드,IS,공화제,내각책임제,"(총63석. 2017.10월 총선) 연정 : 독립당(16석), 좌파녹색당(11석), 진보당(8석), 야당 : 사회민주연합(7석), 중앙당(7석), 해적당(6석), 민중당(4석), 개혁당(4석)",어로수역 200마일,,"독립당, 진보당, 좌파녹색당, 사회민주연합, 중앙당 등","UN(＇46.11), NATO, ITU, UNESCO, WHO, ILO,IFC, IDA, IMF, OECD, GATT, EFTA","대통령: 구드니 또르라시우스 요하네손(Guðni Thorlacius Jóhannsson) 대통령 ('16.8월 취임, '20.6월 재선), 총리: 카트린 야콥스도띠르(Katrín Jakobsdottir) 총리('17.11월 취임), 외교장관: 구드라우구르 또르 또르다르손(Gudlaugur Thor Thordarson) ('17.1월 취임, 독립당)",2020
아이티,HT,대통령중심제 ,민주공화국,"상원 : 30석, 하원 : 118석",12해리,150명(육군),,"UN(＇45.10), ILO, FAO, UNESCO, WHO, IFC,IDA, IMF, ICAO, OAS, OCAS","대통령: Jovenel Moise(2017.2.7 취임, 임기 5년), 총리: Joseph Jouthe(20.3.2), 외교장관: Claude Joseph(20.3.4)",2020
아일랜드,IE,공화제,의원내각제,"하원(160석) - 임기5년, 중선거구제 / 상원(60석) - 임기 5년, 간선제 (하원 (＇20.2.8 조기 총선 결과)& 공화당, Fianna Fail(38석), 신페인당, Sinn Fein(37석), 통일당, Fine Gail(35석), 녹색당, Green Party(12석), 노동당, Labour Party(6석), 기타(32석)) (상원 : 총리 지명 11명, 직능대표 43명, 대학교수중 선출 6명으로 구성)",12마일,"9,500명(육군 7,500명, 해군 1,100명, 공군 900명)","통일당(50석), 공화당(44석), Sinn Fein당(23석),노동당(7석)","UN(＇55.12), EU, FAO, UNESCO, WTO, WHO,IFC, IDA, IMF, OECD, OSCE, ILO, IAEA 등","국가원수: 마이클 히긴스(Michael D. Higgins) 대통령, 총리: 미홀 마틴(Micheal Martin), 외교ㆍ국방 장관: 사이먼 코브니(Simon Coveney)",2020
아제르바이잔,AZ,공화제,대통령 중심제,임기 5년의 단원제(125석),,"66,950명(육군 56,850명, 해군 2,200명, 공군 7,900명)","신아제르바이잔당, 국민연대당 등",UN(92.3.2),"대통령: 일함 알리예프(Ilham Aliyev), 총리: 알리 아사도프(Ali Asadov), 외교장관: 제이훈 바이라모프(Jeyhun Bayramov), 국회의장: 옥타이 아사도프(Ogtay Asadov)",2020
아프가니스탄,AF,공화제,대통령중심제(임기 5년),"상원 : 34개주 의회에서 2명씩 선출, 대통령이 각주 1명 임명(102석, 임기 5년), 하원 : 국민직선(250석, 임기 5년)",,"200,000명",,,"대통령: Ashraf Ghani('14.9.29 취임), 최고행정관: Abdullah Abdullah('14.9.29 임명), 외무장관: 공석, Mohammad Haroon Chakhansuri 외교차관이 대행, 상원의장: Fazel Hadi Muslimyar, 하원의장: Abdul Rauf Ibrahimi",2020
안도라,AD,"공국 (프랑스 대통령 및 스페인 우르헬 교구 주교가 공동영주(Co-Princes)로서 공동주권 행사하나 국내정치에 관여하지 않으며, 독자적인 외교권 보유) (의회민주주의(＇93.3",총리 및 12개 부처,"총 28석, 단원제 (7개 행정구역별 4명씩 총 28명으로 구성)",,,,"UN(＇93.7), OSCE, UNESCO, UNCTAD, ICC, ITU※ EU와는 특별협정 체결(1991)","국가원수 (스페인측): Joan-Enric Vives Sicília 우르헬 교구 주교, 국가원수 (프랑스측): Emmanuel Macron 프랑스 대통령, 총리: Xavier Espot Zamora ('19.5 취임), 외교장관: Maria Ubach Font ('17.7 취임)",2020
알바니아,AL,공화제,대통령제 가미 내각책임제,"단원제(140석, 임기4년)",,"8,000명(육군 3,000명, 해군 650명, 공군 550명, 기타 3,800명)","민주당(DP), 사회당(SP), 통합사회운동당(LSI)","UN(＇55.12), FAO, WHO, UNESCO, UPU, ITU,WMO, IMF(＇91.10), IBRD(＇91.10) 등","대통령: 일리르 메타(Ilir Meta), 총리: 에디 라마(Edi Rama), 외무장관: 총리가 외교장관 겸임",2020
알제리,DZ,공화제(대통령 중심제),공화국(대통령중심제),"양원제(인민의회(하원) : 452석, 국가평의회(상원) : 144석)",12해리,"130,000명(육군 187,000명, 해군 6,000, 공군 25,000명, 방공군(Air defénçe force) 10,000명, 공화국수비대 1,200명)","FLN, RND, MSP, FFS, PT, RCD","UN(＇62.10), IAEA, ILO, FAO, UNESCO, WHO,IFC, IMF, IOM, ICAO, UNCTAD. UNIDO, UPU,OPEC, AU, 아랍연맹, NAM(비동맹운동) 등","대통령: Abdelmadjid Tebboune, 총리: Abdelaziz Djerad, 외교장관: Sabri Boukadoum",2020
앙골라,AO,공화제(대통령 중심제),"대통령중심제 ◦간선제, 임기 5년, 1회 연임 (‘10년 개헌 결과)",단원제,12해리,"107,000명(육군100,000명, 해군 1,000명, 공군 6,000명)","MPLA(여당, 61.08%), UNITA(26.68%)","UN(＇76.12), AU, COMESA, IAEA, ILO, IMF,UNESCO, WHO, WTO, ICAO, UPU, ITU, WMO,SADC","대통령: Joao Lourenco (주앙 로렌쏘), 부통령: Bornito de Sousa (보르니뚜 드 소우자), 외무장관: Manuel Domingos Augusto (마뉴엘 도밍구스 아구스뚜)",2020
앤티가바부다,AG,"입헌군주국, 내각책임제",,"양원제 (상원 : 17석, 하원 : 17석(임기 5년))",12해리,"180명(육군 130명, 해군 50명)","연합진보당(United Progressive Party),안티구아노동당(Antigua Labour Party),바부다인민행동당(Barbuda People＇s Movement)","UN(＇81.11), OECS, CARICOM, OAS, ACS","원수: 영국여왕 Queen Elizabeth Ⅱ (1952.2.6), 총독: Rodney Williams(2014.8.14 취임), 총리: Gaston Browne(2014.6.13 취임), 외교장관: Paul Chet Greene(2018.3 임명)",2020
앵귈라,AI,,"총독(영국여왕 임명), 집행위원회",총 11인중 민선 7인,,,,,,2020
에리트레아,ER,공화제(대통령 중심제),대통령 중심제,"단원제 150석(임기 5년) * 2001년 총선 실시 예정되었으나, 현재까지 미실시",,"201,750명(육군 20만명, 해군 1,400명, 공군 350명)",민주정의인민전선(People＇s Front for Democracy and Justice) 일당체제,"ACP, AfDB, AU, COMESA, FAO, G-77, IAEA,IBRD, ICAO, ILO, IMF, IMO, Interpol, IOC, ITU, UN, UNCTAD, UNESCO, UNIDO, UNWTO,WHO, WIPO 등","국가원수: Isaias Afwerki, 외교장관: Osman Saleh Mohammed",2020
에스와티니,SZ,절대군주제(국왕에게 모든 권력 집중),절대군주제(국왕에게 모든 권력 집중),"양원제 (상원(임기 5년) : 30석(하원 10명 선출, 국왕이 20명 임명), 하원(임기 5년) : 65석(55명 선출, 국왕이 10명 임명))",,"정규군 2,500명",Imbokodvo National Movement(INM),"UN(＇68.9), AU, ILO, FAO, UNESCO, WHO, IFC,IDA, IMF, ICAO, UPU, OAU","국가원수: Mswati Ⅲ세 국왕(음스와티 3세), 국무총리: Ambrose Dlamini(암브로스 들라미니), 외교장관: Thulisile Dladla(뚤리질레 들라들라)",2020
에스토니아,EE,공화제,의원내각제,"단원제(101석), 4년 임기(＇19.3 총선 결과) 연정 : 중도당(26석), 보수국민당(19석), 조국공화당(12석), 야당 : 개혁당(34석), ;사민당(10석)",,"6,600명(육군 5,700명, 해군 400명, 공군 500명)",연합연정,"UN(＇91.9), UNESCO, IBRD, IMF, OSCE, NATO,EU, OECD 등","대통령: 케르스티 칼유라이드(Kersti Kaljulaid) 대통령('16.10 취임, 무소속), 총리: 유리 라타스(Jüri Ratas) 총리('16.11 취임, '19.5 연임 중도당), 외교장관: 우르마스 레인살루(Urmas Reinsalu) 외교장관 ('19.5 취임, 조국공화당)",2020
에콰도르,EC,"공화제(대통령 중심제, 임기 4년)","대통령 중심제(4년, 연임 가능)",단원제(137석),,"40,250명(육군 24,750명, 해군 9,100명, 공군 6,400명)","국가연합당(Alianza PAIS), 기회창조당(CREO)당,기독사회당(PSC), 애국사회당(PSP), 에콰도르권력당(FE) 등","UN(＇45.12), WTO, ILO, UNESCO, WHO, IFC,IDA, OAS","대통령: Lenín Moreno(레닌 모레노, 2017.5월 취임), 외교장관: Luis Gallegos(루이스 가예고스, 2020.7월 임명)",2020
에티오피아,ET,"내각책임제(대통령은 상징적 직위, 총리가 실권자)",내각책임제,"양원제(연방의회 153석, 인민의회 547석)",,"138,000명(육군 135,000명, 공군 3,000명)",번영당(Prosperity Party),"ACP, AfDB, AU, COMESA, FAO, G-77, IAEA,IBRD, ICAO, IGAD, ILO, IMF, IMO, Interpol,IOC, IOM, IPU, ISO, ITU, UN, UNCTAD,UNESCO, UNHCR, UNIDO, WHO, WIPO, WMO,WTO (옵서버) 등","대통령: Sahle-Work Zewde(사흘레-워크 제우데), 총리: Abiy Ahmed(아비 아흐메드), 외교장관: Gedu Andargachew(게두 안다르가츄)",2020
엘살바도르,SV,입헌공화제,대통령 중심제,"단원제(84명, 임기 3년)",12해리,"24,500명(육군 20,500명, 해군 2,000명, 공군 2,000명)","국민통합대연맹(GANA), 민중해방전선(FMLN),국민공화연맹(ARENA) 등","UN(＇45.10), OAS, ILO, FAO, UNESCO, WHO,IFC, IDA, IMF, ICAO, 비동맹(옵서버), ACS","대통령: Nayib Bukele(2019.6.1 취임, 5년), 부통령: Felix Ulloa(2019.6.1 취임, 5년), 외교장관: Alexandra Hill(2019.6.1)",2020
영국,GB,입헌군주제,의원내각제,"하원(650명), 상원(798명)",12마일,"148,350명(육군 83,500명, 해군 32,350명, 공군 32,500명)","보수당(The Conservative Party, 364석),노동당(The Labour Party, 203석), 스코틀랜드 국민당(Scottish National Party, 48석), 기타(35석)※ 총 하원의석수는 650석","UN(＇45.10), ILO, FAO, UNESCO, WHO, IFC, IDA,IMF, EC, OECD, NATO, WEU, OSCE 등","국가원수: 엘리자베스 2세 여왕(Queen Elizabeth Ⅱ), 총리: 보리스 존슨(Boris Johnson), 외교장관: 도미닉 랍(Dominic Raab)(2019.7.24~)",2020
영국령 버진 아일랜드,VG,,"총독(영국 여왕임명), 총리(다수당 당수), 집행위원회(의원 중 임명)",,,,,,,2020
영국령 인도양 제도,IO,,집행위원장(Commissioner) 및 행정권자(administrator) (영국 여왕임명),,,,,,,2020
예멘,YE,대통령제,,"양원제(상원 111석 대통령임명, 하원 301석, 임기 4년)",12해리,"66,700명(육군 60,000명, 해군 1,700명, 공군 3,000명, 방공군 2,000명)",,"UN(＇47.9, ＇76.12), ILO, IMF, WHO, ARABLEAGUE, WORLD BANK, IBD, FAO, IDA, IFC,UNESCO, WTO(＇13.12 최종승인예정)",,2020
오만,OM,군주제,군주제,"국가평의회(상원, 임명제 의원 85인, 임기 4년), 자문평의회(하원, 선출제 의원 85인, 임기 4년)",12해리,"43,000명 (육군 25,000명, 해군 5,000명, 공군 4,200명 등)",없음,"UN(＇71.10), FAO, UNESCO, WHO, IFC, IDA,IMF, ICAO, 비동맹, 아랍연맹","국왕: Haitham bin Tariq Al-Said, 부총리 (각료회의 주재): Fahd bin Mahmoud Al-Said, 부총리 (대외관계/협력 담당): Assad bin Tariq Al Said, 외교장관: Yousuf bin Alawi bin Abdullah",2020
오스트리아,AT,연방공화국(9개주),의원내각제,"양원제, 하원 : 183석(임기 5년, 2019.9.29. 총선 결과) (국민당(ÖVP) : 71석, 사민당(SPÖ) : 40석, 자유당(FPÖ) : 31석, 녹색당 : 26석, 새로운 오스트리아(NEOs) : 15석), 상원 : 61석(임기 5년)",,"30,000명 (육군 16,000명, 공군 6,000명, 사회복무요원 8,000명)","국민당(ÖVP : 71석), 사민당(SPÖ : 40석), 자유당(FPÖ :31석), 녹색당(26석), 새로운 오스트리아당(NEOs : 15석)※ 2019.9.29. 조기총선 결과","UN(＇55.12), FAO, ILO, UNESCO, WHO, IFC, IDA, IMF, EFTA, EU(＇95), OSCE 등","대통령: 알렉산더 판 데어 벨렌(Alexander Van der Bellen), 총리: 세바스티안 쿠르츠(Sebastian Kurz), 외교장관: 알렉산더 샬렌베르크(Alexander Schallenberg)",2020
온두라스,HN,공화국,대통령 중심제(임기 4년),"단원제(128석, 임기 4년)",12해리,"14,950명(육군 7,300명, 공군 2,300명, 해군 1,350명, 헌병 4,000명)","VAMOS당, 국민당(PN), 자유재건당(LIBRE), 자유당(PL),반부패당(PAC), 민주통일당(PUD), 혁신통합당(PINU) 등","UN, WTO, OAS, IDB, 중미의회(PARLACEN),중미통합체제(SICA), 중미군사회의(CFAE),중미안보위원회(CASC), 자원개발사업투명성기구(EITI)","대통령: Juan Orlando Hernandez(2014.1.27 취임, 2018.1월 재선), 외교장관: Lisandro Rosales(2019.8.1.)",2020
왈리스·퓌튀나,WF,,"Uvea, Alo, Sigave 3개 왕국(군주 3명), 프랑스정부 임명(고위행정관 1명), 민선 대표(하원 1명, 상원 1명)",,,,,,,2020
요르단,JO,입헌군주제,입헌군주제,"양원제 (상원 : 65명, 하원 : 130명)",3해리,"105,000명(육군 90,000명, 해군 700명, 공군 12,000명)",,"UN(＇55.12), AMF, EBRD, FAO, IAEA IBRD, IDA,IFC, ILO, IMO, IMF, Interpol, IOC, IOM, OIC,OPCW, OSCE, UNESCO, UNHCR, UNIDO,UNRWA, WCO, WHO, WIPO, WTO 등","국왕: Abdullah Ⅱ Bin Al-Hussein(압둘라 2세), 총리: Bisher Hani Al-Khasawneh(비셔 하니 알-카사우네), 외교장관: Ayman Al-Safadi(아이만 알 사파디)",2020
우간다,UG,"공화제(대통령 중심제, 임기5년)",대통령 중심제(5년 임기),"단원제(451석, 임기 7년) ",,"45,000명(UPDF 45,000명)",,"UN(＇62.10), ILO, FAO, UNESCO, WHO, IFC,IDA, IMF, ICAO, UPU","대통령: Yoweri Kaguta Museveni(무세베니), 부통령: Edward Ssekandi(세칸디), 총리: Ruhakana Rugunda(루군다), 외교장관: Sam Kutesa(쿠테사)",2020
우루과이,UY,공화제(대통령 중심제),대통령 중심제(임기 5년),"양원제(임기 5년) (상원 : 31석, 하원 : 99석)",,"21,000명(육군 13,500명, 해군 4,800명, 공군 2,700명)","좌파연합(Frente Amplio), 국민당(Partido Nacional,통칭 백당 ＇Partido Blanco＇), 홍당(Partido Colorado)","UN(＇45.12), OAS, ILO, FAO, UNESCO, WHO,IFC, ICAO, UNCTAD, IMF, WTO 등 55개","대통령: Luis Lacalle Pou (루이스 라카예 포우 20.3 취임), 외교장관: Francisco Bustillo (프란시스코 부스티요 20.7 취임)",2020
우즈베키스탄,UZ,,대통령중심제(임기 5년),"상원(100석), 하원(150석)",,"48,000명(육군 24,500명, 공군 7,500명 등)","자유민주당, 국가재건당, 인민민주당 등","UN(＇92.3), IAEA, IMF, OSCE, SCO, WTO(observer)","대통령: 미르지요예프(Shavkat Mirziyoyev), 상원의장: 나르바예바(Tanzila Narbaeva), 하원의장: 이스마일로프(Nurdindjon Ismailov), 총리: 아리포프(Abdulla Aripov), 외교장관: 카밀로프(Abdulaziz Kamilov)",2020
우크라이나,UA,공화제,이원집정제(대통령제를 기본으로 의원내각제적 요소 결합),단원제 450석(임기 4년),,"209,000명(육군 145,000명, 해군 11,000명, 공군 45,000명, 기타 8,000명)","국민의 종당, 포로셴코 블록, 국민전선, 자조당, 야권블록,급진당, 조국당, 자유당, 프라비섹터, 농민당, 볼랴당, 강한우크라이나당","UN(＇45.10), CIS(participating member),CICA(observer), GUAM, ICAO, IMF, OSCE,UNCTAD, UNESCO, UNIDO, WHO, WTO, IAEA,BSEC 등","대통령: 볼로디미르 젤렌스키(Volodymyr Zelenskyy), 총리: 데니스 슈미갈(Denys Shmygal), 외교장관: 드미트로 꿀레바(Dmytro Kuleba)",2020
이라크,IQ,공화제,의원내각제,329석(4년제),12해리,"약 27만명(육군 약 25만명, 해군 4,500명, 공군 1,600명, 쿠르드지방정부(KRG) 민병대(퍼쉬메르가) 약 6만명)","개혁을 위한 전진(Sairoon), 정복연합(Al Fatha), 승리연합(Al Nasr), 국법연합(State of Law), 쿠르드민주당 (KDP),애국연합(Wataniya), 국가지혜운동 (Hikma) 등","UN(＇45.12), ILO, FAO, UNESCO, WHO, IFC, IDA,IMF, OPEC, 아랍연맹","대통령: Barham Ahmed Salih(살리), 총리: Mustafa Al Kadhimi(알 카디미), 외교장관: Fuad Mohammed Hussein Beki(푸아드 후세인), 국회의장: Mohammed Al-Halbousi(알 할부시)",2020
이란,IR,정교일치 이슬람 공화국,국가최고지도자 하 민선 대통령 체제,"단원제(290석, 임기 4년)",12해리,"545,000명(육군 350,000만명, 이슬람혁명수비대 125,000 해군 18,000명, 공군 52,000명)",,"UN(＇45.10), ILO, FAO, UNESCO, WHO, IFC, IDA,IMF, UPU, OPEC 비동맹","최고지도자: Ayatollah Seyyed Ali Khamenei(하메네이), 대통령: Hassan Rouhani(로하니), 국회의장: Mohammad Bagher Qalibaf(갈리바프), 외교장관: Mohammad Javad Zarif(자리프)",2020
이스라엘,IL,,의원내각제,단원제(120석),12해리,"현역 169,500명, 예비군 465,000명 (＇19) *출처 : IISS (현역 육군 126,000명, 해군 9,500명, 공군 34,000명, 타 8,000명)(예비군 육군 400,000명, 공군 55,000명)","우파 Likud당, 좌파 Blue and White당 등- ＇19.9월 총선시 Blue and White당 33석, Likud당 31석","UN(＇49.5), ILO, FAO, UNESCO, WHO, IFC, IDA,IMF","대통령: Reuven Rivlin(루벤 리블린), 총리: Benjamin Netanyahu(빈야민 네탄야후)",2020
이집트,EG,공화제(대통령 중심제),대통령 중심제(6년 중임제),양원제,12해리,"46.85만명(육군 34만명, 해군 1.85만명, 공군 3만명, 방공군 8만명)",,"UN(＇45.10), ILO, FAO, UNESCO, WHO, IFC,IDA, IMF, ICAO, 비동맹(NAM)","대통령: Abdel Fattah Al Sisi(알시시), 총리: Mostafa Madbouly(마드불리), 외교장관: Sameh Shoukry(슈크리)",2020
이탈리아,IT,민주공화제,내각책임제(민주당과 오성운동당간 연정),하원630석 상원315석,12해리,"171,050명(육군 99,950명, 해군 30,000명, 공군 41,100명)","민주당, 5성운동당, 전진이탈리아당, 리그당","UN(＇55.12), ILO, FAO, UNESCO, WHO, IFC,IDA, IMF, IBRD, WFP, 유럽회의, EU, OECD,NATO, WEU, OSCE 등","외교장관: 루이지 디 마이오(Luigi Di Maio) ('19.9월~), 국가원수: 세르지오 마타렐라 (Sergio Mattarella) 대통령 ('15.2월~), 총리: 주세페 콘테 (Giuseppe Conte) ('19.9월~, 제2기 출범)",2020
인도,IN,연방공화제,의원내각제,"양원제 (상원 245석(임기 6년), 하원 545석(임기 5년))",12해리,"3,462,500명","인도국민당(BJP), 국민회의당(Indian National Congress)","UN(＇45.10), FAO, WHO, ILO, IMF, IMCO, UNESCO,ESCAP, ASEM, UNCTAD, 비동맹","대통령: Ram Nath Kovind, 총리: Narendra Modi, 외교장관: Subrahmanyam Jaishankar, 상원의장(부통령): Venkaiah Naidu, 하원의장: Om Birla",2020
인도네시아,ID,공화제,대통령중심제,"통상적인 입법권을 행사하는 하원(DPR)과 각 지역을 대표하는 상원(DPD)의 이원적 구성, 국민협의회(MPR)는 상·하 양원 협의체 성격, 하원 575석, 상원 136석",,"445,800명(육군 316,093명, 해군 86,706명, 공군 43,000명)","투쟁민주당, 골까르, 그린드라, 민주당 등 원내진출 10개 정당","UN(＇50.9 가입, ＇60.1 탈퇴, ＇66.9 재가입), UNDP,UNICEF, UNESCO, FAO, WHO, IMF, IBRD, ILO,ASEAN, 비동맹 등","대통령: 조코 위도도(Joko Widodo), 부통령: 마루프 아민(Maruf Amin), 국민평의회(MPR) 의장: 밤방 수사티요(Bambang Soesatyo), 하원(DPR) 의장: 푸안 마하라니(Puan Maharani), 상원(DPD) 의장: 라 냘라 마딸리티(La Nyalla Mattalitti), 외교장관: 레트노 마르수디(Retno L.P. Marsudi)",2020
일본,JP,입헌군주제,내각책임제,양원제(참의원/중의원),12해리,"자위대 : 총 22만 7,422명 (현원) (육상자위대 : 138,060명, 해상자위대 : 42,850명, 항공자위대 : 42,828명, 통합막료감부 등 : 3,704명)","연립여당(자민당, 공명당), 입헌민주당, 국민민주당, 공산당","UN(＇56.12), APEC, FAO, IAEA, IBRD, ICAO,ICC, IHO, ILO, IMF, IMO, ITU, OECD,UNESCO, UNHCR, UPU, WHO, WIPO, WTO 등","국가원수: 나루히토 천황, 총리대신: 스가 요시히데 자민당 총재",2020
자메이카,JM,"입헌군주제(영연방국), 의원내각제",,"양원제(임기 5년) (상원(21명) : 총리 추천인사(13명) 및 야당당수 추천인사(8명), 하원(63명) : 지역대표)",12해리,"3,950명(육군 3,400명, 해안경비대 300명, 공군 250명)","인민국가당(PNP, 34석), 자메이카 노동당(JLP, 26석)","UN(＇62.9), OAS, ILO, FAO, UNESCO, WHO,IFC, IMF, ICAO, 비동맹","국가원수: Majesty Queen ElizabethⅡ 영국여왕(1952.2.6), 총독: Patrick Allen('09.2월 취임), 총리: Andrew Holness('16.3월 취임), 외교통상장관: Kamina Johnson Smith('16.3월)",2020
잠비아,ZM,공화제(대통령 중심제),대통령 중심제,단원제(총 159석),,"15,100명(육군 13,500명, 공군 1,600명)","PF(여당), MMD, VPND","UN(＇64.12), AU, ILO, UNESCO, WHO, WTO,IFC, IDA, IMF, ICAO, UPU, SADC 등","대통령: 에드가 룽구(Edgar Lungu), 부통령: 이농게 위나(Inonge Wina), 외교장관: 죠셉 말란지(Joseph Malanji)",2020
저지,JE,,"총독(영국 여왕 임명), 집달관(Bailiff, 영국 여왕 임명), 단원제 의회, 수석장관 (의회에서 선출)",,,,,,,2020
적도기니,GQ,공화제(대통령 중심제),대통령중심제,"양원제(하원 100석, 상원 70석)",12해리,"1,320명(육군 1,100명, 해군 120명, 공군 100명)",적도기니 민주당(PDGE),"UN(＇68.11), AU, UNESCO, IDA, IMF, ICAO,UPU, ITU, IMCO, UNEAC, OPEC(＇17.5.26.)","대통령: Teodoro Obiang Nguema Mbasogo(테오도로 오비앙 은게마 음바소고), 부통령: Teodoro Nguema Obiang Mangue(테오도로 은게마 오비앙 망게), 총리: Francisco Pascual Obama Asue(프란치스코 파스칼 오바마 아수에), 외교협력부장관: Simeon Oyono Esono Angue(시메온 오요노 에소노 앙게)",2020
조지아,GE,공화제,의원내각제,단원제(4년임기),,"20,650명(육군 19,050명, 경계부대 1,600명)","조지안드림(Georgian Dream), 국민통합운동, 유럽조지아 등",,"대통령: 살로메 주라비쉬빌리(Salome Zourabichivili), 총리: 기오르기 가하리아(Giorgi Gakharia), 외교장관: 다빗 잘칼리아니(David Zalkaliani)",2020
중국,CN,노농연맹에 기초한 인민민주주의 사회주의 국가,,,12해리,"총 약204만명(무경 약66만명 별도, Military Balance) (육군 97.5만명, 해군 25만명, 공군 39.5만명, 로켓군 12만명, 전략지원부대 14.5만명, 기타 15만명)",중국공산당,"UN(＇71.10, 안보리 상임이사국)",,2020
중앙아프리카공화국,CF,공화제(대통령 중심제),대통령제,,,"7,150명(육군 7,000명, 공군 150명)",,"ACP, AfDB, AU, FAO, G-77, IAEA, IBRD,ICAO, ILO, IMF, Interpol, IOC, IOM, ITU,NAM, OIF, UN, UNCTAD, UNESCO, UNIDO,UNWTO, WHO, WIPO, WMO, WTO 등","대통령: Faustin-Archange TOUADÉRA(포스탱 아르샹주 투아데라), 총리: Firmin NGREBADA(피르민 은그레바다), 외교장관: Sylvie BAIPO TEMON(실비 바이포 테몽)",2020
지부티,DJ,공화제(대통령 중심제),대통령제(임기 5년),"단원제(임기 5년, 65석) ",,"10,450명(육군 8,000명, 해군 200명, 공군 250명, 헌병대 2,000명)","인민진보연합(RPP), 중심의다수당연합(UMP)","ACP, AfDB, AU, COMESA, FAO, G-77, IBRD,ICAO, IGAD, ILO, IMF, IMO, Interpol, IOC,IOM, IPU, ITU, NAM, OIF, UN, UNCTAD,UNESCO, UNHCR, UNIDO, UNWTO, WHO,WIPO, WTO 등","외교장관: Mahmoud Ali Youssouf(유수프), 대통령: Ismail Omar Guelleh(겔레), 총리: Abdoulkader Kamil Mohamed(모하메드)",2020
지브롤터,GI,,"총독(영국 여왕 임명, 기지사령관 겸임), 단원제 의회, 수석장관 (의회에서 선출)",,,,,,,2020
짐바브웨,ZW,공화제(대통령 중심제),대통령 중심제,"양원제(총 350석) (상원 80석(60석 비례대표, 20석 부족장회의 및 장애인대표), 하원 270석(210석 선거, 60석 여성/비례대표))",,"29,000명(육군 25,000명, 공군 4,000명)","ZANU-PF(여당), MDC-T, MDC-N","UN(＇80.8), AU, SADC, COMESA, UNESCO, IMF 등","대통령: Emmerson Dambudzo Mnangagwa(에머슨 담부조 음낭가과), 제1부통령: Constantino Chiwenga(콘스탄티노 치웬가), 제2부통령: Kembo Mohadi(켐보 모하디), 외무장관: Sibusiso Moyo(시부시소 모요)",2020
차드,TD,공화제(대통령 중심제),대통령 중심제,,,"35,350명(육군 25,000명, 공군 350명, 공화국 경비대 5,000명)",구국애국운동(MPS) 등 10여개 정당,"UN(＇60.9), AU, ILO, FAO, UNESCO, WHO, IDA,IMF, ICAO, UPU, 비동맹","대통령: Idriss DÉBY Itno(이드리스 데비 이트노) *Itno는 an ethnic Zaghawa name으로 2006년 데비대통령이 자신의 부족혈통을 나타내기 위해 이름에 추가한 부족 성(姓)으로 추정, 총리: 2018년 개헌으로 총리직 폐지, 외교장관: Amine Abba Sidick(아민 아바 시딕)(20.7.~)",2020
체코,CZ,공화제,의원내각제,"양원제 (하원 : 200명(4년 임기), 상원 : 81명(6년 임기))",,"23,200명(육군 12,250명, 공군 5,850명, 기타 3,650명)","긍정의당(78석), 시민민주당(25석), 해적당(22석),자유와직접민주주의(22석), 공산당(15석),사회민주당(15석), 기독민주연합(10석), 전통책임번영(7석),주지사 및 무소속후보연합(6석)※ 2017.10.20-21 총선 결과 현황","UN(＇93.1), EBRD, IMF, GATT, NATO(＇99.3),EU(＇04) 등","대통령: 밀로시 제만(Miloš Zeman), 총리: 안드레이 바비쉬(Andrej Babiš), 외교장관: 토마스 페트리첵(Tomáš Petříček)",2020
칠레,CL,"공화제(대통령제, 임기 4년)","대통령 중심제(임기 4년, 연임 불가)","양원제(상원 43석, 하원 155석)",,"77,200명(육군 46,350명, 해군 19,800명, 공군 11,050명)","중도좌파연합(Nueva Mayoría),중도우파연합(Chile Vamos)","UN(＇45.10), OAS, ILO, UNESCO, WHO, IFC,IDA, IMF, APEC","대통령: Sebastián Piñera(세바스티안 피녜라, 2018.3. 취임), 외교장관: Andres Allamand(안드레스 알라만드, 2020.7. 취임)",2020
카메룬,CM,공화제(대통령 중심제),대통령 중심제,양원제(＇96 헌법 개정),12해리,"14,400명(육군 12,500명, 해군 1,500명, 공군 400명)","카메룬국민민주운동(RDPC), 사회민주전선(FSD),민주주의와 전진을 위한 국민연맹(UNDP),카메룬 민주연맹(UDC) 등 280여개 정당","UN(＇60.9), AU, ILO, FAO, UNESCO, WHO, IFC,IDA, IMF, ICAO, UPU, 비동맹","대통령: Paul BIYA(폴 비야), (1982년 취임, 7선) , 총리: Joseph DION NGUTE(조셉 디옹 은구트), 외교장관: Lejeune Mbella MBELLA(르쥬느 음벨라 음벨라)",2020
카보베르데,CV,이원집정제,이원집정제,단원제(79석),12해리,"1,200명(육군 1,000명, 공군 100명, 해안경비대 100명)","PAICV(카보베르데 독립아프리카당), MPD(집권 민주당)","UN(＇75.9), ILO, FAO, UNESCO, WHO, IDA,IMF, ICAO, UPU, AU, 비동맹","대통령: Jorge Carlos FONSECA(조르주 카를로스 퐁세카), 총리: Jose Ulisses Correia e SILVA(호세 율리세스 코레이 아 에 실바), 외무장관: Luis Filipe TAVARES(루이스 필리페 타바레스)",2020
카자흐스탄,KZ,공화제,대통령중심제(임기 5년),"상원(49석), 하원(107석)",,"39,000명(육군 20,000명, 해군 3,000명, 공군 12,000명 등)","누르오탄당, 악졸당, 공산당 등","UN(＇92.3), EBRD, FAO, IBRD, IMF, OSCE, WTO","대통령: 토카예프(Kassym-Jomart Tokayev), 상원의장: 아쉼바예프(Mauren Ashimbayev), 하원의장: 니그마툴린(Nurlan Nigmatulin), 총리: 마민(Askar Mamin), 외교장관: 틀례우베르디(Mukhtar Tileuberdi)",2020
카타르,QA,토후국(세습군주제),국왕을 국가원수로 하는 토후국,"국왕자문위원회(직접선거 30명, 임명15명)",,,정당 결성 금지,"UN(＇71.9), ILO, FAO, UNESCO, IMF, ICAO, UPU,ITU, 비동맹국회의, 아랍연맹","국왕: Tamim bin Hamad bin Khalifa Al Thani, 부국왕: Abdullah bin Hamad bin Khalifa Al Thani, 총리 겸 내무장관: Khalid bin khalifa bin Abdulaziz Al Thani, 부총리 겸 외교장관: Mohammed bin Abdulrahman Al Thani, 부총리 겸 국방담당국무장관: Khalid bin Mohamed Al Attiyah, 자문위원장: Ahmad bin Abdulla Al Mahmoud",2020
캄보디아,KH,입헌군주제,의원내각제,"양원제(하원 125석, 상원 62석)",,"124,300명(육군 75,000명, 해군 2,800명, 공군 1,500명, 주(州)방위군 45,000명)",,"UN(＇55.12), ASEAN, WTO 등","국왕: 시하모니(Norodom Sihamoni), 총리: 훈 센(Hun Sen), 국회의장: 헹 삼린(Heng Samrin), 상원의장: 사이 춤(Say Chhum), 부총리 겸 외교장관: 쁘락 소콘(Prak Sokhonn)",2020
캐나다,CA,입헌군주제(의원내각제),"의원내각제 (영국 여왕이 국가원수, 총독이 대리, 총리가 정부수반의 역할 수행)","상.하원 양원제 (하원 : 직선제 (임기 4년), 상원 : 총리 추천에 의해 총독이 임명 (정년: 75세까지)",12해리,"90,000명(정규군 65,000명, 예비군 25,000명)","자유당,보수당, 신민주당, 퀘벡블록, 녹색당 등","UN(＇45.11), ILO, FAO, UNESCO, WHO, IFC,IDA, IMF, ICAO, NATO, OECD등","국가원수: 영국 여왕, 총독: Julie Payette, 총리: Justin Trudeau, 부총리: Chrystia Freeland(재무장관 겸임), 외교장관: Francois-Philippe Champagne, 통상장관: Mary Ng",2020
케냐,KE,공화제(대통령 중심제),대통령 중심제,"양원제 (하원 350석, 상원 68석)",12해리,"24,100명(육군 20,000명, 해군 1,600명, 공군 2,500명)","주빌리당, 오렌지민주화운동당","UN(＇63.12), ILO, FAO, UNESCO, WHO, IFC,IDA, IMF, OAU","대통령: Uhuru Kenyatta(우후루 케냐타), 부통령: William Ruto(윌리엄 루토), 외무장관: Monica Juma(모니카 주마)",2020
케이맨제도,KY,,"총독(영국 여왕임명), 총리(다수당 당수)",,,,,,,2020
코모로,KM,연방공화국(대통령 중심제),연방공화국(대통령 중심제),"단원제(33석) ※ 24석은 선거로 선출, 3개섬에 각 3석 배분",,,"CRC(Convention for the Renewal fo the Comoros),Camp of the Autonomous Islands, FNJ(FrontNational pour la Justice), RND(RassemblementNational pour le Developpement)","UN(＇75.11), AU, COMESA, ILO, FAO, UNESCO,WHO, IDA, IMF, UPU, ITU, Interpol, G-77","대통령: Azali Assoumani(아잘리 아수마니), 도서별로 할당해온 부통령직(3명): ‘18.7월 국민투표 결과에 의거 ‘19.5월 폐지, 외교장관: Dhoihir Dhoulkamal      ",2020
코소보,XK,공화국,의원내각제,"단원제(120석, 임기 4년)",,,"자결당(Vetevendosje), 코소보민주연맹(LDK), 코소보민주당(PDK), 세르비안리스트(SRPSKA) 등",,"대통령: Hashim Thaci, 총리: Avdullah Hoti, 외교장관: Meliza Haradinaj-Stublla",2020
코스타리카,CR,"공화국, 대통령 중심제",,"단원제(57석, 임기 4년)",200해리,"군대 폐지(1949)/준군사조직(9,800명)이 치안, 역내 평화 유지, 마약퇴치업무 담당","국민해방당(PLN, 18석), 시민행동당(집권여당 PAC, 13석),넓은전선당(FA, 9석), 기독사회통합당(PUSC, 8석)","UN(＇45.11), ILO, FAO, UNESCO, WHO, IFC,IDA, IMF, ICAO, OAS, 비동맹(옵서버)","대통령: Carlos Alvarado Quesada(2018.5.8 취임), 외교장관: Rodolfo Solano Quiros(2020.2.3.)",2020
코트디부아르,CI,공화제(대통령 중심제),대통령 중심제,"단원제(총 225석), 다당제",12해리,"약 25,400명(육군 23,000명, 해군 1,000명, 공군 1,400명)","RDR(공화당,여당), PDCI(민주당,연정참여), FPI(인민전선)","UN(＇60.9), AU, ILO, FAO, UNESCO, WHO, IFC,IDA, IMF","대통령: Alassane Ouattara(와타라), 부통령: Daniel Kablan Duncan, 국무총리: Amadou Gon Coulibaly, 외교장관: Marcel Amon-Tanoh",2020
콜롬비아,CO,공화국,"대통령중심제 (임기4년, 직선, 단임제)","양원제(상원 : 108석, 하원 : 172석)",12마일,"293,200명(육군 223,150명, 해군 56,400명, 공군 13,650명)","국가연합사회당(Partido de la U), 자유당(PLC),급진변화당(CR), 민주중앙당(CD), 대안민주당(PDA)","UN(＇45.11), ILO, FAO, UNESCO, WHO, IFC,IDA, IMF, OAS","대통령: Iván Duque Márquez(2018.8.7 취임), 외교장관: Claudia Blum(2019.11 임명)",2020
콩고공화국,CG,공화제(대통령 중심제),대통령 중심제,"하원 : 139석(임기6년), 상원 : 72석(임기5년)",200해리,"10,000명(육군 8,000명, 해군 800명, 공군 1,200명)","콩고 노동당(PCT), 범아프리카민주사회당(UPADS) 등","UN(＇60.9), ILO, FAO, UNESCO, WHO, IDA,IMA, ICAO, UPU, GATT, AU, 비동맹","대통령: 드니 사수-은게소(Denis SASSOU-NGUESSO) ※ 79년 집권 이래 13년간 통치, 97년 내전을 통한 재집권 후 3선 연임(‘02, ’09, ‘16), 총리: 클레망 무암바(Clement MOUAMBA), 외무장관: 장-끌로드 가코소(Jean Claude GAKOSSO)",2020
콩고민주공화국(DR콩고),CD,공화제(대통령 중심제),대통령 중심제,"하원(500명, 5년임기), 상원(108명, 5년임기)",12해리,"134,250명(육군 103,000만명, 해군 6,700명, 공군 2,550명, 공화국수비대 8,000명, Central Staff 14,000명)","국가재건민주당(PPRD, Parti du peuple pour laReconstruction et la Démocratie), 콩고자유운동(MLC,Mouvement de Libération du Congo)","UN(＇60.9), AU, IAEA, ILO, FAO, UNESCO,WHO, WTO, IFC, IDA, IMF, UPU, SADC, AfDB,IBRD","대통령: Felix Tshisekedi (펠릭스 치세케디), 총리: Sylvestre Ilunga(실베스트로 일룸가), 상원의장: Alexis Thambwe Mwamba, 하원의장: Jeanine Mabunda Lioko, 외교장관: Marie Tumba Nzeza(마리 툼바 은제자)",2020
쿠바,CU,공화국,공화제(공산당 1당독재),"단원제 612석(인민권력국가회의, 임기 5년)",12해리,"49,000명(육군 38,000명, 해군 3,000명, 공군 8,000명)",쿠바공산당,"UN(＇45.10), ACP, ALBA, AOSIS, CELAC, FAO,G77, IAEA, ICAO, ICC, ICRM, IFAD, IFRCS,IHO, ILO, IMO, IMSO, Interpol, IOC, IOM(옵서버), IPU, ISO, ITSO, ITU, LAES, LAIA, NAM,OAS(1962년 축출), OPANAL, OPCW, PCA,Petrocaribe, UNCTAD, UNESCO, UNIDO, UnionLatina, UNWTO, UPU, WCO, WFTU, WHO,WIPO, WMO, WTO","국가평의회의장: Miguel Diaz-Canel(2018.4월 취임), 외교장관: Bruno Rodríguez Parrilla(2009.3월 임명)",2020
쿠웨이트,KW,입헌군주국,입헌군주국,"단원제 총 65명(선출직 50명, 당연직 15명), 임기 4년",12해리,"22,100명(육군 11,000명, 해군 2,000명 공군 2,500명, 국가수비대(친위대) 6,600명)",,"UN(＇63.5), ILO, FAO, UNESCO, WHO, IFC, IDA,IMF, OPEC, 비동맹, 아랍연맹","국왕 (Amir): H.H. Sheikh Nawaf al-Ahmad al-Jaber Al-Sabah, 왕세제 (Crown Prince): H.H. Sheikh Mishaal al-Ahmad a-Jaber Al-Sabah, 총리: H.H. Sheikh Sabah Khaled Al-Hamad Al-Sabah, 외교장관: H.E. Sheikh Ahmed Naser Al-Mohammad Al-Sabah, 국회의장: H.E. Marzouq Al-Ghanim",2020
쿡제도,CK,"뉴질랜드와 자유연합협정을 체결한 자치정부 ※ 쿡제도가 입법권·행정권을 보유하되, 뉴질랜드가 외교 및 국방을 책임지며, 쿡제도 주민은 뉴질랜드 시민권 보유 ※ 쿡제도는 뉴질랜드 자치",의원내각제,"단원제(총24석, 임기 4년) ※ House of Arilci : 15인의 족장으로 이루어져, 토지사용, 관습 등에 관해 정부에 권고하는 전통적 조직",,,,"쿡제도는 UN 회원국은 아니나 ADB, FAO, ICAO, WHO, UNESCO의 회원국이며, ESCAP의 준회원국(Associate Member)","국가원수: 엘리자베스 2세 영국 여왕, 여왕대리: Tom John Masters, 총리 겸 외교장관: Mark Stephen Brown(20.9.30. - '22년 총선까지)",2020
크로아티아,HR,공화국,대통령직선하의 의원내각제,"단원제(임기4년, 151석)",,"15,200명(육군 10,750명, 해군 1,300명, 공군 1,300명, 합동군 1,850명)","크로아티아민주연합(HDZ), 사회민주당(SDP),독립연대(MOST)",UN(＇92.5),,2020
키르기즈,KG,,"의원내각제 (중앙아 최초로 의원내각제 도입(＇10.6.27, 헌법개정)) ※ 키르기스스탄 헌법상 국방·안보 담당 기관장 임면권 등의 권한이 대통령에게 속해 있는 바, 온전한 의원내각제가 아닌 이원집정부제에 근접",단원제,,"약 10,900명(육군 8,500명, 공군 2,400명 등)","아타-주르트당, 사회민주당, 아르나미스당","UN(＇92.3), WTO(＇98.12)","대통령: 공석 (제엔베코프 대통령 ‘20.10월 사임), 국회의장 겸 대통령 대행: 마미토프(Talant Mamytov), 총리: 공석 (자파로프 총리 ‘20.11월 사임), 외교장관: 카작바예프(Ruslan Kazakbaev)",2020
키리바시,KI,공화제,대통령제(임기 4년),"단원제(총 46석, 임기 4년)",12해리,,,"UN(＇99.9), SPC, SPF(PIF), ESCAP","대통령 (외교장관 겸임): Taneti Maamau ※20.3월 총선으로 재임, 부통령: Teuea Toatu(20.7월-)",2020
타이완,TW,입헌민주공화제,,"입법원장, 쑤자취안(蘇嘉全, Su Jia-chyuan)",12해리,21.5만명,"민주진보당, 중국국민당, 대만민중당, 시대역량 등",정식회원 38개,"총통: 차이잉원(蔡英文), 부총통: 라이칭더(賴淸德), 행정원장: 쑤전창(蘇貞昌), 입법원장: 유시쿤(游錫堃), 외교장관: 우자오셰(吳釗燮)",2020
타지키스탄,TJ,공화제,대통령중심제 (임기 7년),"양원제(임기 5년) (상원(33석), 하원(63석))",,"8,800명(육군 7,300명, 공군 1,500명 등)","국민민주당(46석), 농민당(7석), 경제개혁당(5석), 공산당(2석), 민주당(1석), 사회당(1석), 무소속(1석) 등","UN(‘92.3), WTO(＇13.3)","대통령: 라흐몬(Emomali Rahmon), 총리: 라술조다(Qohir Rasulzoda), 상원의장: 에모말리(Rustam Emomali), 하원의장: 마흐맛토이르(Zokirzoda Mahmadtoir), 외교장관: 무흐리딘(Sirojiddin Muhriddin)",2020
탄자니아,TZ,공화제(대통령 중심제),"대통령 중심제(5년 임기, 1회 연임)","단원제(393석, 5년 임기)",50해리,"27,000명(육군 23,000명, 해군 1,000명, 공군 3,000명)","CCM(탄자니아 혁명당, 여당) : 279석, CHADEMA : 70석, CUF : 42석 등","UN(＇61.12), AU, ILO, UNESCO, WHO, WTO,IFC, IDA, IMF, ICAO, UPU","대통령: John Pombe Joseph Magufuli(마구풀리), 부통령: Samia Hassan Suluhu(술루후), 잔지바르 대통령: Ali Mohamed Shein(셰인), 총리: Kassim Majaliwa(마잘리와), 외교장관: Augustine Philip Mahiga(마히가)",2020
태국,TH,입헌군주제,내각책임제,"국가평화질서회의(NCPO)에서 임명하는 상원 250명, 총선으로 선출하는 하원 500명 총 750명으로 구성(2018.12. 정당활동 금지 해제)",,"36만 명(육군 24.5만 명, 해군 6.9만 명, 공군 4.6만 명)","Puea Thai, Palang Pracharath, Future Forward,Democrat, Bhum Jai Thai 등","UN(＇46.12), ESCAP, FAO, IBRD, ILO, ASEAN,WTO 등","국왕: 마하 와치라롱껀(Maha Vajiralongkorn), 총리: 쁘라윳 짠오차(Prayut Chan-o-cha), 외교장관: 돈 쁘라맛위나이(Don Pramudwinai)",2020
터크스·케이커스 제도,TC,,"총독(영국 여왕 임명), 단원제 의회, 총리(다수당 지도자를 총독이 임명)",,,,,,,2020
터키,TR,공화제,"대통령 중심제(임기 5년, 연임 가능)","(총600석, 임기 5년), 정의개발당(290), 공화인민당(139), 인민민주당(61), 민족주의행동당(49), 좋은당(39) 등",,"465,000명 (육군 360,000명, 해군 45,000명, 공군 60,000명) ※ 준군사력: 치안군 20,000명, 해안 경비대 5,000명","정의개발당(AKP), 공화인민당(CHP), 민족주의행동당(MHP),인민민주당(HDP), 좋은당(Iyi Party)","UN(＇45.10), OECD, ILO, FAO, UNESCO, WHO,IFC, IDA, IMF, UPU, CSCE, NATO 등","대통령: 레젭 타입 에르도안 (Recep Tayyip Erdoğan), 부통령: 푸앗 옥타이 (Fuat Oktay), 외교장관: 메블륫 차부쉬오울루(Mevlüt Çavuşoğlu)",2020
토고,TG,공화제(대통령 중심제),대통령 중심제(5년임기),단원제,30해리,"8,550명(육군 8,100명, 해군 200명, 공군 250명)","공화국연맹(UNIR), 범아프리카국민당(PNP),통합개발민주동맹(ADDI) 등","UN(＇60.9), 비동맹, ILO, FAO, UNESCO, WHO,IFC, IDA, IMF, AU, ICAO, UPU","대통령: 포레 에소짐나 나싱베(Faure Essozimna Gnassingbe), 총리: 코미 셀롬 클라수(Komi Selom Klassou), 외무장관: 로버트 뒤세이(Robert Dussey)",2020
통가,TO,입헌군주제,입헌군주국,"단원제(총 26석. 임기 3년) (귀족대표 : 9, 평민대표 : 17)",12해리,,,"UN(＇99.10), SPF(PIF), SPC, ESCAP, ITU, WHO,ADB, UPU","국왕: George Tupou VI, 총리: Pohiva Tu'i'onetoa(19.9월-), 국회의장: Fatafehi Fakafauna",2020
투르크메니스탄,TM,공화제,대통령중심제(임기 7년),"단원제(Mejlis, 125석, 임기 5년)",,"36,500명(육군 33,000명, 공군 3,000명, 해군 500명 등)",투르크멘 민주당,UN(＇92.3),"대통령: 베르디무하메도프(Gurbanguly Berdimuhamedov), 외교부총리: 메레도프(Rashid Meredov), 국회의장: 맘메도바(Gulshat Mammedova)",2020
투발루,TV,입헌군주제(내각책임제),"입헌군주제(내각책임제) (국가원수인 영국여왕을 대리하는 총독은 총리의 권고로 영국 여왕이 임명, 행정수반인 총리는 의회에서 선출)","단원제 (총 15석, 임기 4년)",12해리,,,"UN(＇00.9), SPF(PIF), SPC, ESCAP, WHO, SPEC,EEC, WTO","국가원수: Elizabeth 2세 영국 여왕(총독이 대리), 총독: Iakoba Taeia Italeli, 총리: Kausea Natano(19.9월-), 외교장관: Simon Kofe",2020
튀니지,TN,민주공화국(대통령중심제),공화국,총217석,12해리,"35,700명(육군 27,000명, 해군 4,700명, 공군 4,000명)",,"UN(＇56.11), IAEA, ILO, FAO, UNESCO, WHO,IFC, IDA, IMF, IOM, UNCTAD, UNHRD,UNIDO, ICAO, UPU, WTO, AU, 아랍연맹, NAM(비동맹운동) 등","대통령: Kais Saied('19.10월), 총리: Hichem Mechichi('20.9월), 외교장관: Othman Jerandi('20.9월), 국회의장: Rached Ghannouchi",2020
트리니다드토바고,TT,공화국(영연방 회원국),의원내각제,"양원제(임기 5년) (상원(31명, 대통령이 임명), 하원(41명, 직접 선거))",12해리,"4,050명(육군 3,000명, 해안경비대 1,050명)","UNC, PNM, COP, TOP","UN(＇62.9), OAS, ILO, FAO, UNESCO, WHO,IFC, IDA, IMF, ICAO, UPU, CARICOM, CDB,IADB, ACS, 비동맹","대통령: Paula-Mae Weekes(2018.3), 총리: Keith Christopher Rowley(2015.9, 연임), 외교장관: Amery Browne(2020.8)",2020
파나마,PA,"공화국, 대통령 중심제",,"단원제(71석, 임기 5년)",200해리,군대 없음,"민주혁명당(집권여당 PRD, 35석), 민주변화당(CD, 18석),파나메니스타당(PAN, 8석), 몰리레나당(Molirena, 5석)","UN, WTO, OAS, UNESCO, FAO, IMF, IADB,IAEA, ICAO, ILO, IMO, IOC, IPU, ISO, ITU,UNCTAD, WHO, WIPO 등 총 53개 국제기구에 가입","대통령: Laurentino Cortizo Cohen(2019.7.1 취임, 5년 단임), 부통령: Jose Gabriel Carrizo Jaen, 외교장관: Alejandro Ferrer(19.7.)",2020
파라과이,PY,공화제(대통령 중심제),"대통령제(임기5년, 단임제)","양원제 (상원 : 45석(임기 5년), 하원 : 80석(임기 5년))",,"11,900명(육군 7,400명, 해군 2,700명, 공군 1,800명)","공화국민연합당(Asociación Nacional Republicana, 통칭홍당 ＇Partido Colorado＇), 정통급진자유당(Partido LiberalRadical Auténtico, 통칭 자유당 ＇Partido Liberal＇), 윤리시민연합당(Unión Nacional de Ciudadanos Éticos,UNACE), 진보민주당(Partido Democrático Progresista,PDP), 대전선당(Frente Guasú, FG), 국가연합당(AvanzaPaís, AP) 등","UN(＇45.10), OAS, ILO, FAO, UNESCO, WHO,IFC, IDA, IMF","대통령: Mario Abdo (마리오 압도) ('18.8.15 취임), 외교장관: Federico Alberto González Franco (페데리코 곤살레스) ('20.10.12 취임)",2020
파키스탄,PK,공화제,내각책임제(양원제),"양원제(상원 : 104명, 하원 : 342명)",12해리,65.4만명,"파키스탄정의운동(PTI, 현 여당)파키스탄이슬람교도연맹(PML), 파키스탄인민당(PPP),모하지르민족운동(MQM), 아와미국민당(ANP)","UN(＇47.9), ICAO, FAO, UNESCO, WHO, IMCO,ILO, IMF, ASEM, WTO, IBRD, 비동맹","대통령: 아리프 알비(Arif Alvi), 총리: 임란 칸(Imran Khan), 상원의장: 사디크 산즈라니(Sadiq Sanjrani), 하원의장: 아사드 카이저(Asad Qaiser), 외교장관: 샤 마흐무드 쿠레시(Shah Mahmood Hussain Qureshi)",2020
파푸아뉴기니,PG,입헌군주제,의원내각제,"단원제(총111석, 임기 5년)",200해리,,"국민의회당(People＇s National Congress),국민연합당(National Alliance)","UN(＇75.10), WHO, ILO, UNESCO, ICAO, WTO,ADB, SPF(PIF), IMF, IFC, SPC","총독: Sir Bob Dadae(17.2월-), 총리: James Marape(19.5월-), 외교통상장관: Soroi Eoe(20.12월-)  ",2020
팔라우,PW,공화제,대통령 중심제(임기 4년),"양원제(임기 4년) (상원 : 13석,하원 : 16석)",,,,"UN(＇94.12), SPF(PIF)","대통령: Tommy Esang Remengesau Jr. (21.1월까지 임기), 부통령: Raynold Oilouch, 국무장관: Faustina K. Rehuher-Marugg",2020
팔레스타인,PS,이원집정부제,이원집정부제,팔레스타인 자치의회(132석),,,"파타, 하마스",,"자치정부 행정수반: Mahmoud Abbas(압바스), 총리: Mohammad Shtayyeh(쉬타예), 외교장관: Riad Malki(말키)",2020
페루,PE,공화제(대통령 중심제),"대통령 중심제(임기 5년, 연임불가)","단원제(130석, 임기 5년)",,"113,600명(육군 76,000명, 해군 21,660명, 공군 16,000명)","Peruanos por el Kambio(＇변화를 위한 페루인＇당, 여당),Fuerza Popular(＇민중권력＇당), FrenteAmplio(＇광역전선＇당), Nuevo Perú(＇새로운 페루＇당),Alianza para el progreso(＇진보동맹＇당)","UN(＇45.10), ILO, FAO, UNESCO, WHO, IFC, IDA,OAS, PAC(＇11.3)","대통령: Francisco Rafael Sagasti (프란시스코 라파엘 사가스티, 20.11.17. 취임), 외교장관: Elizabeth Astete (엘리자베스 아스테테, 20.11.18. 임명)",2020
포르투갈,PT,공화제,"이원집정제 (총리가 일상적인 국정운영 담당, 대통령(직선선출)은 군수통권, 국회해산권, 법률안 거부권 등 보유)","단원제 (임기 4년, 230석 정당명부식 비례대표), 의회구성(2019.10.6. 총선결과, 총 230석) 여당 : 사회당(108), 야당 : 사민당(79석), 좌익블럭(19), 단일민주연합(공산당+녹색당)(12), 국민당(5), 동물애호-자연보호당(4), 체가당(1), 자유이니셔티브당(1)",12해리,"27,200명(육군 13,700명, 해군 7,600명, 공군 5,900명)","사회민주당(PSD), 사회당(PS), 좌익블럭(BE),국민당(CDS/PP), 공산당(PCP), 녹색당(PEV),동물애호당(PAN)","UN(＇55.12), EU(＇86), ILO, FAO, UNESCO, WHO,IFC, IMF, ICAO, NATO, OECD 등","국가원수: 마르셀루 허벨루 드 소우자(Marcelo Rebelo de Sousa) 대통령('16.3월 취임), 행정수반: 안토니우 코스타(António Costa) 총리('15.11월 취임), 외교장관: 아우구스토 산토스 실바(Augusto Santos Silva) 외교장관('15.11월 취임)",2020
폴란드,PL,공화국,대통령제가 가미된 내각책임제,"양원제(상원 100석, 하원 460석)",,"117,800명(육군 61,200명, 해군 7,000명, 공군 18,700명, 특수부대 3,400명, 합동군 13,500명 등)","법과정의당(PiS), 시민연단 및 모던폴란드당 연합(PO-KO),쿠키즈당(Kukiz), 농민당(PSL)","UN(＇45.10), FAO, UNESCO, WHO, ICAO, UPU,ITU, ILO, IPU, OECD, NATO(＇99.3), EU(＇04.5) 등","대통령: 안제이 두다(Andrzej Duda, 2015.8 취임), 총리: 마테우슈 모라비에츠키(Mateusz Morawiecki, 2017.12 취임, 2019.11 연임), 외무장관: 즈비그니에프 라우(Zbigniew Rau, 2020.8 취임)",2020
프랑스,FR,공화국,의원내각제와 대통령제 혼합,"상원: 353석, 하원: 577석 ※ 하원구성 (전진하는 공화국 : 288석, 공화당 : 104석, 민주운동당연합 : 46석, 민주독립연합-행동당-독립당 연합 : 27석, 사회당연합 : 30석, 굴복하지 않는 프랑스 : 17석, 생태민주연대 : 17석, 민주공화좌파 : 16석, 자유영토당 : 19석, 무소속 : 13석) ※ 상원구성 (공화당연합 : 144석, 사회당-공화당 연합 : 71석, 중도연합 : 51석, 유럽민주사회 연합 : 23석, 전진하는공화국 : 23석, 공산공화시민환경연합 : 16석, 독립영토연합 : 14석, 무소속 : 6석)",12해리,"203,900명(육군 114,450명, 해군 35,300명, 공군 40,800명, staffs 13,350명)","전진하는 공화국(303석), 공화당(104석)민주운동당(46석), 사회당(29석) 등","UN(＇45.10), ILO, FAO, UNESCO, WHO, IFC,IDA, IMF, EC, NATO, OECD 등","대통령: 에마뉘엘 마크롱(Emmanuel MACRON, '17.5.14~), 총리: 쟝 카스텍스(Jean Castex, '20.7~), 외교장관: 장-이브 르 드리앙(Jean-Yves LE DRIAN, '16.5~)",2020
프랑스령 기아나,GF,,"프랑스정부 임명(지사 1명, 부지사 1명), 민선 대표(하원 2명, 상원 1명)",,,,,,,2020
프랑스령 폴리네시아,PF,,"자치정부 대통령(Edouard Fritch), 프랑스정부 임명(고등판무관 1명), 민선 대표(하원 3명, 상원 2명)",,,,,,,2020
피지,FJ,공화제,"의원내각제(국가원수는 대통령, 총리는 의회 다수당이 지명)","단원제(총51석, 임기 4년) (Fiji First 32석, SODELPA(원주민계) 15석, NFP(인도계) 3석) ※ 06.12월 쿠데타 이후 13.9월 신헌법 제정, 14.9월 총선 실시",12해리,,"FijiFirst, SODELPA(원주민계), NFP(인도계)","UN(＇70.10), ICAO, ILO, WHO, EEC/ACP, UNDP,UNESCO, SPF(PIF, ＇09.5.1 자격정지), FAO, IMO,PIF, PC, SPEC, SOPAC 등","대통령: Jioji Konousi Konrote, 총리: Josaia Voreqe Bainimarama, 외교장관: Inia Batikoto Seruiratu",2020
핀란드,FI,공화국,의원집정부제(대통령중심제+의원내각제),"단원제(200석), 임기 4년 (정당별 의석수(2019.4.14 총선결과) 사회민주당(40), 핀란드인당(39), 국민연합당(38), 중도당(31), 녹색당(20), 좌파연합(16), 스웨덴인당(9), 기독교민주당(5), 기타(2))",,"21,500명(육군 15,300명, 해군 3,500명, 공군 2,700명)","사민당, 중도당, 녹색당, 좌파연합, 스웨덴인당 5개 정당간 연정 구성","UN(＇55.12), Nordic Council, GATT, EFTA, ILO,FAO, UNESCO, WHO, IFC, IMF, IBRD, ICAO,OECD, OSCE 등","국가원수 ※ '19.4.4 총선 후 6.6 신정부출범(12.10 총리 등 일부 개각): 사울리 니니스퇴(Sauli Niinistö) 대통령('18.2월~ / 집권2기), 총리: 산나 마린(Sanna Marin) 총리 ('19.12월~), 외교장관: 페카 올라비 하비스토(Pekka Olavi Haavisto)장관('19.6월~)",2020
필리핀,PH,공화제,대통령제(6년 단임제),양원제,12해리,"125,000명(육군 86,000명, 해군 24,000명, 공군 15,000명)","민주필리핀당(PDP-Laban), 자유당(Liberal Party),국민연합당(Nationalist People＇s Coalition),국민당(Nacionalista Party),통합국민연합(United Nationalist Alliance),국민통합당(National Unity Party), 필리핀민주당(LDP) 등","UN(＇45.10), ILO, FAO, UNESCO, WHO, IMF,IBRD, IFC, IDA, ICAO, UPU, ITU, ASEAN,APEC","대통령: 로드리고 두테르테(Rodrigo Duterte), 부통령: 마리아 레오노르 로브레도(Maria Leonor Robredo), 상원의장: 비센테 티토 소토 3세(Vicente Tito Sotto Ⅲ), 하원의장: 로드 알란 벨라스코(Lord Allan Velasco), 외교장관: 테오도로 록신 주니어(Teodoro L. Locsin Jr.)",2020
핏케언 섬,PN,,"총독(주뉴질랜드영국대사), 직접선거로 시장 선출",,,,,,,2020
헝가리,HU,공화제,의원내각제,"단원제 (199석, 2018.4월 총선) (청년민주동맹(FIDESZ) : 133석, 우파연합(Jobbik) : 26석, 사회당(MSZP) : 20석 등)",,"27,800명(육군 10,450명, 공군 5,750명, 합동군 11,600명)","청년민주동맹(FIDESZ), 헝가리 사회당(MSZP),우파연합(Jobbik), 대안정당(LMP)","UN(＇55.12), ILO, FAO, UNESCO, WHO, ICAO,IPU, IMF, OECD(＇96.3), EU(＇04.5), IBRD, NATO(＇99.3)","대통령: 야노쉬 아데르(Janos Áder), 총리: 빅토르 오르반(Victor Orbán), 외교장관: 페테르 씨야르토(Péter Szíjjártó)",2020
호주,AU,입헌군주제,의원내각제,"양원제(상원 76석, 하원 151석)",12해리,"57,957명(육군 29,994명, 해군 13,650명, 공군 14,313명)","자유당(Liberal Party of Australia), 국민당(NationalParty of Australia), 노동당( Australian Labor Party),녹색당(Australian Greens)","UN(＇45.11), ILO, FAO, UNESCO, WHO, IDA,IFC, IMF, IBRD","국가원수: 영국 여왕, 총독: David Hurley(19.7월), 총리: Scott Morrison(18.8월, 19.5월 연임), 상원의장: Scott Ryan(17.11월), 하원의장: Tony Smith(15.8월), 외교장관: Marise Payne(18.8월), 통상장관: Simon Birmingham(18.8월)",2020
